759,Arny,HTML&CSS,Shellie Tillyer,Moderate
247,Shina,DBT,Berni Gorghetto,Very Good
318,Imogen,Power BI,Sander Fearnyhough,Excellent
189,Therine,HTML&CSS,Shellie Tillyer,Good
113,Krissie,UI/UX(Figma),Tobie Grimsdith,Moderate
928,Dalton,ADF,Rosamund Lynnitt,Poor
156,Luise,Python,Frank Christmas,Moderate
105,Nananne,OS,Beverlee Lachaize,Very Good
810,Carey,ADF,Rosamund Lynnitt,Very Good
946,Ninette,Cloud Platforms,Lenore Boulding,Excellent
179,Zaria,Data Warehouse,Sherill Sussems,Good
959,Denny,Git & Version Control,Jacky Muscat,Moderate
585,Roddy,OS,Beverlee Lachaize,Excellent
919,Frederich,OS,Beverlee Lachaize,Excellent
382,Kacey,Git & Version Control,Jacky Muscat,Moderate
390,Edeline,Cloud Platforms,Lenore Boulding,Excellent
722,Vinita,Networking,Gabi Wasiel,Good
820,Tyrone,DBT,Berni Gorghetto,Poor
82,Ethel,Typescript,Xymenes Pauls,Moderate
569,Skipp,Analytics & Reporting,Kalli Fearneley,Moderate
500,Gracie,React JS,Wallis Degoix,Very Good
480,Georgetta,Data Warehouse,Sherill Sussems,Excellent
89,Loydie,Typescript,Xymenes Pauls,Excellent
963,Molly,Typescript,Xymenes Pauls,Very Good
316,Alleen,SQL,Thom Coudray,Poor
13,Thedric,UI Path,Maggy Poynser,Poor
499,Shay,Git & Version Control,Jacky Muscat,Moderate
822,Jessika,Javascript,Ardis Shalders,Poor
836,Annabela,Software Components,Ramonda Jone,Good
222,Anallise,QA,Dorena Fowgies,Excellent
368,Lauraine,Web Scraping,Nita Cuniam,Excellent
779,Nestor,Python,Frank Christmas,Poor
401,Brandais,Javascript,Ardis Shalders,Moderate
94,Clevie,Cloud Platforms,Lenore Boulding,Good
646,Suellen,Git & Version Control,Jacky Muscat,Poor
378,Gibby,UI/UX(Figma),Tobie Grimsdith,Poor
736,Francis,UI/UX(Figma),Tobie Grimsdith,Poor
453,Walden,Javascript,Ardis Shalders,Very Good
163,Corie,Networking,Gabi Wasiel,Poor
422,Deloris,HTML&CSS,Shellie Tillyer,Good
485,Saloma,OS,Beverlee Lachaize,Very Good
535,Chicky,Power BI,Sander Fearnyhough,Moderate
534,Ikey,Software Components,Ramonda Jone,Poor
464,Kipper,UI/UX(Figma),Tobie Grimsdith,Good
399,Lizzie,QA,Dorena Fowgies,Very Good
547,Aili,Power BI,Sander Fearnyhough,Poor
644,Jarret,Cloud Platforms,Lenore Boulding,Good
303,Valerye,Git & Version Control,Jacky Muscat,Moderate
219,Emmy,OS,Beverlee Lachaize,Good
251,Carolyne,React JS,Wallis Degoix,Good
466,Trueman,DBT,Berni Gorghetto,Good
539,Sky,UI Path,Maggy Poynser,Moderate
804,Dacy,UI Path,Maggy Poynser,Good
659,Elvira,Web Scraping,Nita Cuniam,Poor
828,Candace,UI Path,Maggy Poynser,Poor
454,Lynn,Git & Version Control,Jacky Muscat,Very Good
815,Luca,Python,Frank Christmas,Very Good
326,Thacher,UI/UX(Figma),Tobie Grimsdith,Excellent
255,Godart,HTML&CSS,Shellie Tillyer,Moderate
94,Clevie,Power BI,Sander Fearnyhough,Poor
999,Paddie,UI/UX(Figma),Tobie Grimsdith,Good
360,Dru,React JS,Wallis Degoix,Very Good
331,Joannes,React JS,Wallis Degoix,Good
492,Kelly,QA,Dorena Fowgies,Excellent
173,Frederique,Power BI,Sander Fearnyhough,Poor
926,Galvan,Web Scraping,Nita Cuniam,Good
587,Cynthy,Software Components,Ramonda Jone,Poor
901,Arny,QA,Dorena Fowgies,Very Good
88,Addison,Typescript,Xymenes Pauls,Poor
948,Ulric,UI Path,Maggy Poynser,Poor
966,Nikolaos,Web Scraping,Nita Cuniam,Moderate
496,Zelig,Power BI,Sander Fearnyhough,Moderate
713,Octavia,OS,Beverlee Lachaize,Very Good
278,Pietra,Software Components,Ramonda Jone,Very Good
127,Kellsie,Data Warehouse,Sherill Sussems,Poor
227,Kaja,HTML&CSS,Shellie Tillyer,Very Good
305,Gaspar,Git & Version Control,Jacky Muscat,Poor
673,Lucia,Software Components,Ramonda Jone,Moderate
735,Homerus,Python,Frank Christmas,Poor
568,Caryn,Data Warehouse,Sherill Sussems,Good
477,Laina,Git & Version Control,Jacky Muscat,Moderate
694,Shepard,QA,Dorena Fowgies,Excellent
183,Augustine,Web Scraping,Nita Cuniam,Very Good
410,Aindrea,Python,Frank Christmas,Excellent
163,Corie,React JS,Wallis Degoix,Poor
26,Ilaire,Cloud Platforms,Lenore Boulding,Very Good
563,Blaire,Python,Frank Christmas,Very Good
63,Edmon,ADF,Rosamund Lynnitt,Poor
906,Baryram,Javascript,Ardis Shalders,Poor
268,Berri,Software Components,Ramonda Jone,Excellent
602,Catina,SQL,Thom Coudray,Excellent
86,Rozamond,Power BI,Sander Fearnyhough,Moderate
548,Modesty,Python,Frank Christmas,Very Good
750,Barnabas,OS,Beverlee Lachaize,Very Good
530,Josselyn,Typescript,Xymenes Pauls,Poor
887,Philip,UI/UX(Figma),Tobie Grimsdith,Good
949,Travus,DBT,Berni Gorghetto,Very Good
646,Suellen,Networking,Gabi Wasiel,Excellent
239,Yasmin,Analytics & Reporting,Kalli Fearneley,Excellent
710,Ellswerth,SQL,Thom Coudray,Moderate
574,Tabby,Data Warehouse,Sherill Sussems,Very Good
701,Fonsie,UI/UX(Figma),Tobie Grimsdith,Moderate
43,Alex,DBT,Berni Gorghetto,Moderate
693,Sybyl,Python,Frank Christmas,Moderate
649,Ashlan,Analytics & Reporting,Kalli Fearneley,Good
111,Grace,Networking,Gabi Wasiel,Poor
352,Gabbie,QA,Dorena Fowgies,Very Good
738,Rudd,React JS,Wallis Degoix,Very Good
77,Derk,HTML&CSS,Shellie Tillyer,Poor
471,Jodie,ADF,Rosamund Lynnitt,Poor
175,Roxy,Web Scraping,Nita Cuniam,Moderate
543,Matthaeus,React JS,Wallis Degoix,Poor
737,Dacey,OS,Beverlee Lachaize,Excellent
580,Arlyn,Power BI,Sander Fearnyhough,Excellent
154,Mycah,Data Warehouse,Sherill Sussems,Excellent
417,Tomi,HTML&CSS,Shellie Tillyer,Poor
855,Sindee,OS,Beverlee Lachaize,Poor
766,Cissiee,Analytics & Reporting,Kalli Fearneley,Moderate
916,Patten,SQL,Thom Coudray,Excellent
374,Abbe,Software Components,Ramonda Jone,Good
375,Aron,Networking,Gabi Wasiel,Good
919,Frederich,Software Components,Ramonda Jone,Very Good
172,Ewell,HTML&CSS,Shellie Tillyer,Moderate
847,Jerry,OS,Beverlee Lachaize,Good
927,Marcille,Typescript,Xymenes Pauls,Moderate
65,Rollie,Typescript,Xymenes Pauls,Excellent
742,Sandy,OS,Beverlee Lachaize,Good
802,Care,QA,Dorena Fowgies,Moderate
440,Rita,UI Path,Maggy Poynser,Moderate
620,Lonnard,UI/UX(Figma),Tobie Grimsdith,Excellent
771,Damiano,Software Components,Ramonda Jone,Very Good
2,Carita,UI Path,Maggy Poynser,Excellent
716,Zorina,Cloud Platforms,Lenore Boulding,Poor
721,Jefferey,Typescript,Xymenes Pauls,Very Good
848,Eldridge,React JS,Wallis Degoix,Very Good
106,Dani,Python,Frank Christmas,Poor
781,Isa,Analytics & Reporting,Kalli Fearneley,Good
978,Adolpho,DBT,Berni Gorghetto,Excellent
786,Winslow,Cloud Platforms,Lenore Boulding,Very Good
77,Derk,React JS,Wallis Degoix,Very Good
755,Sonnie,DBT,Berni Gorghetto,Moderate
836,Annabela,Git & Version Control,Jacky Muscat,Moderate
778,Ingelbert,Git & Version Control,Jacky Muscat,Moderate
584,Ware,QA,Dorena Fowgies,Excellent
653,Querida,QA,Dorena Fowgies,Very Good
648,Amabelle,UI/UX(Figma),Tobie Grimsdith,Excellent
1,Emmye,Git & Version Control,Jacky Muscat,Moderate
475,Lida,React JS,Wallis Degoix,Excellent
257,Clayborne,Analytics & Reporting,Kalli Fearneley,Excellent
369,Jacquenetta,Networking,Gabi Wasiel,Excellent
170,Albrecht,OS,Beverlee Lachaize,Poor
802,Care,Power BI,Sander Fearnyhough,Moderate
998,Quintana,Data Warehouse,Sherill Sussems,Moderate
709,Frieda,SQL,Thom Coudray,Excellent
970,Rosemaria,UI Path,Maggy Poynser,Good
787,Audry,Typescript,Xymenes Pauls,Poor
45,Edy,Web Scraping,Nita Cuniam,Excellent
818,Vere,UI Path,Maggy Poynser,Moderate
579,Dionisio,Javascript,Ardis Shalders,Moderate
883,Olag,ADF,Rosamund Lynnitt,Excellent
628,Dominique,Cloud Platforms,Lenore Boulding,Moderate
102,Beale,Analytics & Reporting,Kalli Fearneley,Moderate
452,Emelyne,Data Warehouse,Sherill Sussems,Very Good
469,Guendolen,Data Warehouse,Sherill Sussems,Very Good
407,Farand,Git & Version Control,Jacky Muscat,Excellent
103,Merry,Python,Frank Christmas,Poor
682,Corrianne,Git & Version Control,Jacky Muscat,Poor
11,Jillene,Git & Version Control,Jacky Muscat,Good
582,Gwyn,HTML&CSS,Shellie Tillyer,Excellent
192,Urson,QA,Dorena Fowgies,Excellent
643,Catherina,QA,Dorena Fowgies,Moderate
43,Alex,SQL,Thom Coudray,Poor
24,Winfield,QA,Dorena Fowgies,Very Good
198,Sharia,ADF,Rosamund Lynnitt,Good
9,Merwin,Networking,Gabi Wasiel,Good
257,Clayborne,HTML&CSS,Shellie Tillyer,Excellent
217,Kelley,React JS,Wallis Degoix,Excellent
271,Jase,DBT,Berni Gorghetto,Excellent
680,Fawn,OS,Beverlee Lachaize,Very Good
470,Violet,SQL,Thom Coudray,Moderate
808,Alexine,Power BI,Sander Fearnyhough,Moderate
876,Zelig,Software Components,Ramonda Jone,Excellent
80,Edward,Analytics & Reporting,Kalli Fearneley,Poor
762,Teador,Analytics & Reporting,Kalli Fearneley,Very Good
341,Eolande,Web Scraping,Nita Cuniam,Moderate
264,Cesya,Typescript,Xymenes Pauls,Excellent
535,Chicky,Javascript,Ardis Shalders,Good
135,Auguste,Networking,Gabi Wasiel,Moderate
101,Dannie,DBT,Berni Gorghetto,Poor
642,Desmund,React JS,Wallis Degoix,Very Good
198,Sharia,OS,Beverlee Lachaize,Good
636,Phillie,Software Components,Ramonda Jone,Excellent
635,Phelia,Git & Version Control,Jacky Muscat,Excellent
346,Florette,Cloud Platforms,Lenore Boulding,Good
277,Arri,Typescript,Xymenes Pauls,Poor
979,Johannes,OS,Beverlee Lachaize,Poor
80,Edward,Networking,Gabi Wasiel,Poor
38,Netta,Power BI,Sander Fearnyhough,Poor
546,Torrey,Data Warehouse,Sherill Sussems,Very Good
432,Creigh,React JS,Wallis Degoix,Poor
249,Marcille,Power BI,Sander Fearnyhough,Very Good
111,Grace,OS,Beverlee Lachaize,Moderate
693,Sybyl,Javascript,Ardis Shalders,Poor
25,Allissa,Cloud Platforms,Lenore Boulding,Poor
623,Amos,Networking,Gabi Wasiel,Moderate
701,Fonsie,Power BI,Sander Fearnyhough,Poor
211,Lorry,QA,Dorena Fowgies,Very Good
656,Marilyn,Typescript,Xymenes Pauls,Poor
500,Gracie,UI/UX(Figma),Tobie Grimsdith,Excellent
833,Verine,UI/UX(Figma),Tobie Grimsdith,Poor
165,Mahala,Git & Version Control,Jacky Muscat,Poor
412,Petronella,Networking,Gabi Wasiel,Moderate
432,Creigh,Web Scraping,Nita Cuniam,Very Good
271,Jase,Cloud Platforms,Lenore Boulding,Poor
949,Travus,OS,Beverlee Lachaize,Good
535,Chicky,Git & Version Control,Jacky Muscat,Poor
694,Shepard,UI Path,Maggy Poynser,Poor
386,Teddie,Cloud Platforms,Lenore Boulding,Moderate
21,Rosemarie,React JS,Wallis Degoix,Moderate
671,Blancha,HTML&CSS,Shellie Tillyer,Good
762,Teador,Cloud Platforms,Lenore Boulding,Moderate
949,Travus,HTML&CSS,Shellie Tillyer,Moderate
53,Imelda,Data Warehouse,Sherill Sussems,Poor
281,Trueman,Python,Frank Christmas,Good
351,Drake,ADF,Rosamund Lynnitt,Excellent
697,Kayley,HTML&CSS,Shellie Tillyer,Good
523,Hildegarde,Cloud Platforms,Lenore Boulding,Good
780,Petronella,Power BI,Sander Fearnyhough,Excellent
103,Merry,Typescript,Xymenes Pauls,Very Good
620,Lonnard,DBT,Berni Gorghetto,Good
511,Daren,UI/UX(Figma),Tobie Grimsdith,Very Good
233,Elly,Javascript,Ardis Shalders,Moderate
963,Molly,QA,Dorena Fowgies,Very Good
704,Carly,UI/UX(Figma),Tobie Grimsdith,Moderate
987,Gleda,HTML&CSS,Shellie Tillyer,Poor
471,Jodie,ADF,Rosamund Lynnitt,Excellent
710,Ellswerth,Networking,Gabi Wasiel,Very Good
661,Rachael,Python,Frank Christmas,Good
244,Katie,Cloud Platforms,Lenore Boulding,Moderate
327,Patricia,Power BI,Sander Fearnyhough,Poor
35,Bendite,SQL,Thom Coudray,Good
574,Tabby,Typescript,Xymenes Pauls,Poor
375,Aron,Analytics & Reporting,Kalli Fearneley,Poor
692,Taffy,Analytics & Reporting,Kalli Fearneley,Good
178,Jermaine,SQL,Thom Coudray,Poor
739,Lotty,UI Path,Maggy Poynser,Very Good
68,Daphna,Javascript,Ardis Shalders,Poor
214,Kala,Power BI,Sander Fearnyhough,Good
421,Ursula,HTML&CSS,Shellie Tillyer,Good
161,Wendeline,SQL,Thom Coudray,Good
233,Elly,Software Components,Ramonda Jone,Very Good
297,Marshall,Cloud Platforms,Lenore Boulding,Good
198,Sharia,ADF,Rosamund Lynnitt,Very Good
163,Corie,Networking,Gabi Wasiel,Excellent
759,Arny,Software Components,Ramonda Jone,Poor
833,Verine,Cloud Platforms,Lenore Boulding,Excellent
538,Pat,Networking,Gabi Wasiel,Moderate
667,Solly,Typescript,Xymenes Pauls,Good
549,Coral,Javascript,Ardis Shalders,Good
753,Cinnamon,Data Warehouse,Sherill Sussems,Excellent
433,Arvy,Cloud Platforms,Lenore Boulding,Poor
426,Friederike,UI/UX(Figma),Tobie Grimsdith,Excellent
801,Tim,OS,Beverlee Lachaize,Moderate
304,Carmelle,UI/UX(Figma),Tobie Grimsdith,Very Good
811,Tove,Analytics & Reporting,Kalli Fearneley,Good
949,Travus,React JS,Wallis Degoix,Excellent
714,Ossie,HTML&CSS,Shellie Tillyer,Moderate
401,Brandais,Analytics & Reporting,Kalli Fearneley,Poor
401,Brandais,Networking,Gabi Wasiel,Very Good
850,Jessika,Cloud Platforms,Lenore Boulding,Poor
309,Kyla,QA,Dorena Fowgies,Moderate
550,Anet,UI/UX(Figma),Tobie Grimsdith,Moderate
642,Desmund,Data Warehouse,Sherill Sussems,Excellent
150,Carl,QA,Dorena Fowgies,Good
761,Reidar,Javascript,Ardis Shalders,Good
874,Zola,Python,Frank Christmas,Excellent
608,Alica,QA,Dorena Fowgies,Very Good
586,Pippo,UI Path,Maggy Poynser,Very Good
719,Debbie,Power BI,Sander Fearnyhough,Moderate
259,Lola,Javascript,Ardis Shalders,Excellent
293,Terry,Analytics & Reporting,Kalli Fearneley,Moderate
196,Jody,HTML&CSS,Shellie Tillyer,Excellent
425,Aurthur,Networking,Gabi Wasiel,Excellent
574,Tabby,Data Warehouse,Sherill Sussems,Very Good
878,Boone,UI Path,Maggy Poynser,Moderate
980,Adham,DBT,Berni Gorghetto,Excellent
282,Adler,Power BI,Sander Fearnyhough,Good
295,Brinna,OS,Beverlee Lachaize,Excellent
379,Kania,Python,Frank Christmas,Good
52,Sally,Analytics & Reporting,Kalli Fearneley,Very Good
735,Homerus,Javascript,Ardis Shalders,Poor
377,Gerard,SQL,Thom Coudray,Excellent
990,Karim,OS,Beverlee Lachaize,Moderate
427,Juanita,Web Scraping,Nita Cuniam,Moderate
930,Viviyan,Data Warehouse,Sherill Sussems,Moderate
753,Cinnamon,UI Path,Maggy Poynser,Moderate
811,Tove,Python,Frank Christmas,Poor
9,Merwin,Git & Version Control,Jacky Muscat,Poor
610,Minta,Python,Frank Christmas,Very Good
300,Adolf,Web Scraping,Nita Cuniam,Poor
238,Gaby,Data Warehouse,Sherill Sussems,Very Good
782,Ginger,UI Path,Maggy Poynser,Very Good
555,Yancy,Javascript,Ardis Shalders,Moderate
436,Bree,ADF,Rosamund Lynnitt,Very Good
249,Marcille,QA,Dorena Fowgies,Good
455,Jesselyn,Javascript,Ardis Shalders,Good
38,Netta,HTML&CSS,Shellie Tillyer,Very Good
593,Edik,DBT,Berni Gorghetto,Excellent
15,Alexandr,Python,Frank Christmas,Very Good
773,Lucien,HTML&CSS,Shellie Tillyer,Good
103,Merry,QA,Dorena Fowgies,Moderate
802,Care,Cloud Platforms,Lenore Boulding,Good
904,Dodie,OS,Beverlee Lachaize,Very Good
939,Neddie,ADF,Rosamund Lynnitt,Excellent
959,Denny,React JS,Wallis Degoix,Very Good
389,Lyndsey,OS,Beverlee Lachaize,Good
914,Shandeigh,Data Warehouse,Sherill Sussems,Poor
491,Chelsie,Software Components,Ramonda Jone,Excellent
46,Hephzibah,Cloud Platforms,Lenore Boulding,Very Good
726,Barris,Software Components,Ramonda Jone,Very Good
450,Flint,Typescript,Xymenes Pauls,Very Good
358,Alfie,SQL,Thom Coudray,Very Good
318,Imogen,Power BI,Sander Fearnyhough,Poor
619,Kayle,OS,Beverlee Lachaize,Good
3,Hadlee,ADF,Rosamund Lynnitt,Poor
201,Alex,HTML&CSS,Shellie Tillyer,Excellent
4,Prescott,Typescript,Xymenes Pauls,Excellent
684,Kare,QA,Dorena Fowgies,Very Good
733,Fleming,OS,Beverlee Lachaize,Good
693,Sybyl,DBT,Berni Gorghetto,Moderate
441,Vale,Power BI,Sander Fearnyhough,Poor
291,Tracie,Power BI,Sander Fearnyhough,Poor
481,Gale,Analytics & Reporting,Kalli Fearneley,Good
824,Annabel,Git & Version Control,Jacky Muscat,Poor
621,Dolly,OS,Beverlee Lachaize,Very Good
768,Darryl,Javascript,Ardis Shalders,Good
90,Pasquale,Power BI,Sander Fearnyhough,Good
557,Marijn,UI Path,Maggy Poynser,Excellent
706,Myles,QA,Dorena Fowgies,Excellent
703,Angel,DBT,Berni Gorghetto,Very Good
318,Imogen,Networking,Gabi Wasiel,Excellent
503,Mamie,Typescript,Xymenes Pauls,Good
703,Angel,Git & Version Control,Jacky Muscat,Good
728,Dominique,OS,Beverlee Lachaize,Excellent
195,Boothe,Cloud Platforms,Lenore Boulding,Very Good
993,Natala,ADF,Rosamund Lynnitt,Moderate
17,Felike,React JS,Wallis Degoix,Very Good
926,Galvan,UI Path,Maggy Poynser,Excellent
929,Donetta,React JS,Wallis Degoix,Moderate
574,Tabby,DBT,Berni Gorghetto,Good
43,Alex,QA,Dorena Fowgies,Good
129,Mureil,Python,Frank Christmas,Excellent
367,Enrico,Networking,Gabi Wasiel,Excellent
714,Ossie,HTML&CSS,Shellie Tillyer,Good
749,Evonne,HTML&CSS,Shellie Tillyer,Poor
337,Iolande,Software Components,Ramonda Jone,Good
825,Gretal,QA,Dorena Fowgies,Poor
701,Fonsie,Power BI,Sander Fearnyhough,Very Good
922,Deck,Analytics & Reporting,Kalli Fearneley,Moderate
633,Essy,Python,Frank Christmas,Moderate
476,Frasier,Python,Frank Christmas,Excellent
538,Pat,UI Path,Maggy Poynser,Excellent
289,Alvina,Python,Frank Christmas,Good
421,Ursula,Power BI,Sander Fearnyhough,Poor
811,Tove,HTML&CSS,Shellie Tillyer,Moderate
536,Erma,Javascript,Ardis Shalders,Good
720,Marchall,Data Warehouse,Sherill Sussems,Excellent
500,Gracie,ADF,Rosamund Lynnitt,Very Good
407,Farand,Cloud Platforms,Lenore Boulding,Good
852,Fara,UI Path,Maggy Poynser,Poor
901,Arny,DBT,Berni Gorghetto,Moderate
173,Frederique,Javascript,Ardis Shalders,Good
524,Lorilyn,UI Path,Maggy Poynser,Poor
876,Zelig,Cloud Platforms,Lenore Boulding,Excellent
446,Karry,HTML&CSS,Shellie Tillyer,Poor
678,Dewie,Networking,Gabi Wasiel,Good
934,Tally,Javascript,Ardis Shalders,Poor
428,Barbabas,QA,Dorena Fowgies,Moderate
549,Coral,UI/UX(Figma),Tobie Grimsdith,Moderate
562,Kathlin,Networking,Gabi Wasiel,Moderate
684,Kare,Python,Frank Christmas,Moderate
331,Joannes,Power BI,Sander Fearnyhough,Good
628,Dominique,Cloud Platforms,Lenore Boulding,Very Good
895,Sandy,Networking,Gabi Wasiel,Excellent
825,Gretal,Python,Frank Christmas,Very Good
390,Edeline,ADF,Rosamund Lynnitt,Very Good
133,Rudiger,QA,Dorena Fowgies,Moderate
262,Anallese,UI Path,Maggy Poynser,Excellent
603,Sari,Data Warehouse,Sherill Sussems,Excellent
213,Ranique,Software Components,Ramonda Jone,Very Good
271,Jase,DBT,Berni Gorghetto,Excellent
332,Finley,UI Path,Maggy Poynser,Excellent
795,Sargent,Software Components,Ramonda Jone,Good
33,Gil,Web Scraping,Nita Cuniam,Poor
614,Morry,Software Components,Ramonda Jone,Good
937,Bernadine,Javascript,Ardis Shalders,Excellent
665,Elias,UI/UX(Figma),Tobie Grimsdith,Good
976,Alister,Analytics & Reporting,Kalli Fearneley,Poor
383,Bobbye,UI Path,Maggy Poynser,Poor
502,Sonnnie,Power BI,Sander Fearnyhough,Poor
69,Sharona,ADF,Rosamund Lynnitt,Moderate
953,Jenna,DBT,Berni Gorghetto,Moderate
93,Jaymee,Networking,Gabi Wasiel,Moderate
49,Myrlene,ADF,Rosamund Lynnitt,Very Good
738,Rudd,ADF,Rosamund Lynnitt,Very Good
915,Gary,Cloud Platforms,Lenore Boulding,Excellent
87,Brit,SQL,Thom Coudray,Moderate
830,Brita,Web Scraping,Nita Cuniam,Very Good
245,Emyle,OS,Beverlee Lachaize,Excellent
946,Ninette,ADF,Rosamund Lynnitt,Moderate
937,Bernadine,Web Scraping,Nita Cuniam,Good
295,Brinna,Web Scraping,Nita Cuniam,Poor
525,Lou,ADF,Rosamund Lynnitt,Very Good
596,Sheila,QA,Dorena Fowgies,Moderate
612,Garrot,ADF,Rosamund Lynnitt,Very Good
288,Yehudi,Software Components,Ramonda Jone,Very Good
812,Tremayne,React JS,Wallis Degoix,Very Good
623,Amos,Analytics & Reporting,Kalli Fearneley,Very Good
975,Emily,Cloud Platforms,Lenore Boulding,Very Good
824,Annabel,Python,Frank Christmas,Good
920,Nelly,Software Components,Ramonda Jone,Excellent
379,Kania,QA,Dorena Fowgies,Poor
724,Fawn,OS,Beverlee Lachaize,Poor
678,Dewie,Typescript,Xymenes Pauls,Very Good
900,Wileen,UI Path,Maggy Poynser,Moderate
318,Imogen,ADF,Rosamund Lynnitt,Poor
42,Jackie,Python,Frank Christmas,Very Good
552,Klemens,Software Components,Ramonda Jone,Excellent
327,Patricia,UI/UX(Figma),Tobie Grimsdith,Very Good
636,Phillie,OS,Beverlee Lachaize,Excellent
428,Barbabas,Git & Version Control,Jacky Muscat,Moderate
230,Federico,UI Path,Maggy Poynser,Moderate
624,Erika,Web Scraping,Nita Cuniam,Good
76,Fredericka,ADF,Rosamund Lynnitt,Moderate
584,Ware,OS,Beverlee Lachaize,Excellent
196,Jody,Data Warehouse,Sherill Sussems,Poor
58,Glen,ADF,Rosamund Lynnitt,Poor
268,Berri,Data Warehouse,Sherill Sussems,Poor
757,Clemens,Cloud Platforms,Lenore Boulding,Poor
185,Harp,Web Scraping,Nita Cuniam,Poor
468,Gregg,Web Scraping,Nita Cuniam,Excellent
691,Allard,React JS,Wallis Degoix,Excellent
787,Audry,Git & Version Control,Jacky Muscat,Very Good
372,Thayne,Typescript,Xymenes Pauls,Excellent
337,Iolande,Python,Frank Christmas,Good
128,Idell,Data Warehouse,Sherill Sussems,Very Good
339,Garry,ADF,Rosamund Lynnitt,Poor
215,Isabelita,OS,Beverlee Lachaize,Moderate
630,Shane,DBT,Berni Gorghetto,Very Good
815,Luca,UI/UX(Figma),Tobie Grimsdith,Poor
538,Pat,Cloud Platforms,Lenore Boulding,Moderate
608,Alica,Networking,Gabi Wasiel,Excellent
581,Aigneis,Cloud Platforms,Lenore Boulding,Poor
342,Franny,UI Path,Maggy Poynser,Good
249,Marcille,Software Components,Ramonda Jone,Moderate
875,Rochester,ADF,Rosamund Lynnitt,Poor
894,Christiana,QA,Dorena Fowgies,Very Good
302,Avivah,HTML&CSS,Shellie Tillyer,Excellent
47,Neilla,UI/UX(Figma),Tobie Grimsdith,Good
893,Lydie,Typescript,Xymenes Pauls,Very Good
737,Dacey,Software Components,Ramonda Jone,Moderate
298,Lee,Web Scraping,Nita Cuniam,Very Good
737,Dacey,UI/UX(Figma),Tobie Grimsdith,Poor
531,Roi,DBT,Berni Gorghetto,Very Good
549,Coral,Git & Version Control,Jacky Muscat,Moderate
373,Cinda,Javascript,Ardis Shalders,Moderate
876,Zelig,Web Scraping,Nita Cuniam,Good
913,Prissie,React JS,Wallis Degoix,Moderate
854,Merilyn,UI Path,Maggy Poynser,Poor
201,Alex,Git & Version Control,Jacky Muscat,Excellent
237,Antonino,Git & Version Control,Jacky Muscat,Poor
949,Travus,Web Scraping,Nita Cuniam,Moderate
657,Dix,Networking,Gabi Wasiel,Moderate
189,Therine,Python,Frank Christmas,Moderate
609,Darsey,UI Path,Maggy Poynser,Excellent
951,Judon,React JS,Wallis Degoix,Good
418,Erastus,React JS,Wallis Degoix,Very Good
318,Imogen,Git & Version Control,Jacky Muscat,Poor
262,Anallese,React JS,Wallis Degoix,Excellent
872,Roseanne,Web Scraping,Nita Cuniam,Good
805,Christa,Analytics & Reporting,Kalli Fearneley,Excellent
926,Galvan,Power BI,Sander Fearnyhough,Excellent
384,Camey,DBT,Berni Gorghetto,Excellent
340,Shirleen,QA,Dorena Fowgies,Very Good
44,Terry,Web Scraping,Nita Cuniam,Poor
319,Adlai,QA,Dorena Fowgies,Very Good
14,Hansiain,Typescript,Xymenes Pauls,Moderate
879,Munmro,Python,Frank Christmas,Very Good
644,Jarret,Typescript,Xymenes Pauls,Excellent
386,Teddie,Software Components,Ramonda Jone,Poor
279,Blaine,OS,Beverlee Lachaize,Good
589,Laurianne,Data Warehouse,Sherill Sussems,Poor
138,Dedra,Analytics & Reporting,Kalli Fearneley,Poor
694,Shepard,Typescript,Xymenes Pauls,Good
38,Netta,Typescript,Xymenes Pauls,Very Good
342,Franny,Python,Frank Christmas,Poor
654,Kimmi,ADF,Rosamund Lynnitt,Excellent
425,Aurthur,React JS,Wallis Degoix,Poor
836,Annabela,UI Path,Maggy Poynser,Good
138,Dedra,Data Warehouse,Sherill Sussems,Very Good
227,Kaja,Analytics & Reporting,Kalli Fearneley,Good
877,Dot,UI/UX(Figma),Tobie Grimsdith,Very Good
596,Sheila,Web Scraping,Nita Cuniam,Good
760,Penelope,UI/UX(Figma),Tobie Grimsdith,Excellent
794,Myrtle,Typescript,Xymenes Pauls,Good
980,Adham,Data Warehouse,Sherill Sussems,Moderate
354,Dilan,React JS,Wallis Degoix,Poor
198,Sharia,Typescript,Xymenes Pauls,Poor
370,Berkie,Web Scraping,Nita Cuniam,Good
875,Rochester,Git & Version Control,Jacky Muscat,Excellent
502,Sonnnie,Software Components,Ramonda Jone,Good
978,Adolpho,React JS,Wallis Degoix,Very Good
199,Audra,React JS,Wallis Degoix,Moderate
387,Carry,HTML&CSS,Shellie Tillyer,Poor
589,Laurianne,UI/UX(Figma),Tobie Grimsdith,Good
551,Humbert,Networking,Gabi Wasiel,Excellent
796,Maryrose,OS,Beverlee Lachaize,Poor
837,Rebbecca,Software Components,Ramonda Jone,Very Good
692,Taffy,UI Path,Maggy Poynser,Very Good
736,Francis,ADF,Rosamund Lynnitt,Good
68,Daphna,OS,Beverlee Lachaize,Poor
226,Loralee,QA,Dorena Fowgies,Poor
140,Wilie,UI Path,Maggy Poynser,Moderate
874,Zola,UI/UX(Figma),Tobie Grimsdith,Very Good
8,Audrey,Typescript,Xymenes Pauls,Good
31,Eadie,Software Components,Ramonda Jone,Moderate
528,Adriaens,React JS,Wallis Degoix,Moderate
340,Shirleen,DBT,Berni Gorghetto,Good
392,Jenni,SQL,Thom Coudray,Excellent
219,Emmy,Software Components,Ramonda Jone,Poor
763,Darya,Git & Version Control,Jacky Muscat,Excellent
363,Nixie,Networking,Gabi Wasiel,Good
434,Ezri,SQL,Thom Coudray,Excellent
144,Curtis,Cloud Platforms,Lenore Boulding,Very Good
769,Clerkclaude,Cloud Platforms,Lenore Boulding,Very Good
810,Carey,Typescript,Xymenes Pauls,Good
268,Berri,React JS,Wallis Degoix,Poor
218,Nicolle,Power BI,Sander Fearnyhough,Poor
671,Blancha,OS,Beverlee Lachaize,Very Good
348,Stefanie,UI/UX(Figma),Tobie Grimsdith,Good
29,Lolita,Analytics & Reporting,Kalli Fearneley,Good
73,Dolf,QA,Dorena Fowgies,Very Good
881,Christophorus,Networking,Gabi Wasiel,Good
483,Cassi,ADF,Rosamund Lynnitt,Poor
573,Deedee,React JS,Wallis Degoix,Poor
773,Lucien,UI Path,Maggy Poynser,Moderate
903,Francklin,React JS,Wallis Degoix,Excellent
235,Dominga,Software Components,Ramonda Jone,Poor
389,Lyndsey,Power BI,Sander Fearnyhough,Excellent
337,Iolande,Networking,Gabi Wasiel,Poor
718,Ann-marie,Web Scraping,Nita Cuniam,Very Good
875,Rochester,UI/UX(Figma),Tobie Grimsdith,Moderate
105,Nananne,ADF,Rosamund Lynnitt,Good
817,Grayce,OS,Beverlee Lachaize,Good
778,Ingelbert,ADF,Rosamund Lynnitt,Poor
150,Carl,Power BI,Sander Fearnyhough,Poor
179,Zaria,Software Components,Ramonda Jone,Moderate
760,Penelope,QA,Dorena Fowgies,Poor
575,Blakeley,React JS,Wallis Degoix,Excellent
498,Gabey,Cloud Platforms,Lenore Boulding,Excellent
293,Terry,Networking,Gabi Wasiel,Poor
125,Torrey,DBT,Berni Gorghetto,Excellent
617,Romeo,Power BI,Sander Fearnyhough,Very Good
91,Susie,QA,Dorena Fowgies,Moderate
617,Romeo,UI Path,Maggy Poynser,Moderate
69,Sharona,Power BI,Sander Fearnyhough,Very Good
370,Berkie,SQL,Thom Coudray,Good
365,Yorke,Python,Frank Christmas,Good
148,Tamarra,Cloud Platforms,Lenore Boulding,Excellent
723,Joaquin,DBT,Berni Gorghetto,Excellent
712,Clive,QA,Dorena Fowgies,Excellent
398,Freemon,Git & Version Control,Jacky Muscat,Poor
231,Wilmette,React JS,Wallis Degoix,Poor
802,Care,HTML&CSS,Shellie Tillyer,Good
128,Idell,Data Warehouse,Sherill Sussems,Poor
998,Quintana,React JS,Wallis Degoix,Very Good
243,Manon,Typescript,Xymenes Pauls,Very Good
631,Nydia,Cloud Platforms,Lenore Boulding,Good
157,Vaughn,SQL,Thom Coudray,Very Good
366,Anton,UI/UX(Figma),Tobie Grimsdith,Very Good
582,Gwyn,Software Components,Ramonda Jone,Very Good
984,Sibella,UI/UX(Figma),Tobie Grimsdith,Poor
136,Rollins,Networking,Gabi Wasiel,Good
33,Gil,Power BI,Sander Fearnyhough,Excellent
859,Florence,React JS,Wallis Degoix,Poor
782,Ginger,Data Warehouse,Sherill Sussems,Poor
66,Claretta,HTML&CSS,Shellie Tillyer,Good
780,Petronella,Data Warehouse,Sherill Sussems,Excellent
381,Ange,UI Path,Maggy Poynser,Excellent
263,Kin,Software Components,Ramonda Jone,Poor
139,Tammara,SQL,Thom Coudray,Moderate
377,Gerard,OS,Beverlee Lachaize,Good
828,Candace,React JS,Wallis Degoix,Very Good
960,Doro,OS,Beverlee Lachaize,Excellent
604,Emmy,UI Path,Maggy Poynser,Very Good
528,Adriaens,Javascript,Ardis Shalders,Moderate
803,Carmencita,UI Path,Maggy Poynser,Poor
490,Bowie,HTML&CSS,Shellie Tillyer,Poor
520,Nathanil,Python,Frank Christmas,Moderate
227,Kaja,React JS,Wallis Degoix,Moderate
163,Corie,QA,Dorena Fowgies,Excellent
173,Frederique,QA,Dorena Fowgies,Poor
516,Ailene,OS,Beverlee Lachaize,Very Good
135,Auguste,Power BI,Sander Fearnyhough,Poor
776,Saundra,Python,Frank Christmas,Moderate
73,Dolf,Git & Version Control,Jacky Muscat,Very Good
36,Washington,Software Components,Ramonda Jone,Moderate
283,Jaine,Power BI,Sander Fearnyhough,Good
454,Lynn,Cloud Platforms,Lenore Boulding,Poor
513,Benyamin,React JS,Wallis Degoix,Good
616,Camala,Software Components,Ramonda Jone,Good
156,Luise,Javascript,Ardis Shalders,Poor
820,Tyrone,QA,Dorena Fowgies,Poor
998,Quintana,Software Components,Ramonda Jone,Moderate
640,Nicoline,SQL,Thom Coudray,Poor
203,Hayley,Software Components,Ramonda Jone,Very Good
817,Grayce,Cloud Platforms,Lenore Boulding,Very Good
206,Brien,Analytics & Reporting,Kalli Fearneley,Moderate
621,Dolly,Networking,Gabi Wasiel,Good
518,Lurline,SQL,Thom Coudray,Moderate
783,Eloisa,Data Warehouse,Sherill Sussems,Good
102,Beale,SQL,Thom Coudray,Poor
869,Lek,ADF,Rosamund Lynnitt,Moderate
836,Annabela,Power BI,Sander Fearnyhough,Good
887,Philip,SQL,Thom Coudray,Very Good
554,Melessa,Cloud Platforms,Lenore Boulding,Moderate
705,Gale,SQL,Thom Coudray,Very Good
625,Sammy,Data Warehouse,Sherill Sussems,Excellent
230,Federico,DBT,Berni Gorghetto,Good
758,Carole,Power BI,Sander Fearnyhough,Good
887,Philip,Software Components,Ramonda Jone,Excellent
567,Demetrius,Data Warehouse,Sherill Sussems,Good
17,Felike,Cloud Platforms,Lenore Boulding,Very Good
297,Marshall,Javascript,Ardis Shalders,Excellent
241,Shandy,Analytics & Reporting,Kalli Fearneley,Very Good
390,Edeline,Python,Frank Christmas,Poor
601,Loralyn,Git & Version Control,Jacky Muscat,Very Good
740,Georgiana,Software Components,Ramonda Jone,Poor
111,Grace,Cloud Platforms,Lenore Boulding,Moderate
634,Matilde,UI Path,Maggy Poynser,Moderate
812,Tremayne,UI Path,Maggy Poynser,Poor
210,Eimile,UI/UX(Figma),Tobie Grimsdith,Poor
688,Almira,ADF,Rosamund Lynnitt,Good
664,Travus,Power BI,Sander Fearnyhough,Excellent
871,Rianon,QA,Dorena Fowgies,Excellent
45,Edy,Javascript,Ardis Shalders,Poor
273,Jenica,Power BI,Sander Fearnyhough,Poor
11,Jillene,Cloud Platforms,Lenore Boulding,Poor
382,Kacey,Cloud Platforms,Lenore Boulding,Good
914,Shandeigh,React JS,Wallis Degoix,Good
980,Adham,React JS,Wallis Degoix,Poor
998,Quintana,ADF,Rosamund Lynnitt,Poor
789,Paco,Data Warehouse,Sherill Sussems,Excellent
283,Jaine,React JS,Wallis Degoix,Very Good
774,Else,Software Components,Ramonda Jone,Very Good
862,Loleta,HTML&CSS,Shellie Tillyer,Good
632,Elke,Python,Frank Christmas,Excellent
897,Codie,Web Scraping,Nita Cuniam,Very Good
74,Marietta,HTML&CSS,Shellie Tillyer,Very Good
316,Alleen,DBT,Berni Gorghetto,Good
941,Gustie,React JS,Wallis Degoix,Good
94,Clevie,ADF,Rosamund Lynnitt,Poor
877,Dot,React JS,Wallis Degoix,Moderate
838,Cammie,Javascript,Ardis Shalders,Very Good
892,Tristam,UI/UX(Figma),Tobie Grimsdith,Very Good
452,Emelyne,Networking,Gabi Wasiel,Good
694,Shepard,UI Path,Maggy Poynser,Moderate
622,Walker,Cloud Platforms,Lenore Boulding,Excellent
209,Cristie,Networking,Gabi Wasiel,Moderate
432,Creigh,DBT,Berni Gorghetto,Good
594,Bev,Data Warehouse,Sherill Sussems,Moderate
404,Ramsay,HTML&CSS,Shellie Tillyer,Very Good
970,Rosemaria,Analytics & Reporting,Kalli Fearneley,Excellent
178,Jermaine,Javascript,Ardis Shalders,Poor
570,Tull,React JS,Wallis Degoix,Moderate
863,Allyson,Typescript,Xymenes Pauls,Good
1,Emmye,Power BI,Sander Fearnyhough,Excellent
855,Sindee,Cloud Platforms,Lenore Boulding,Excellent
293,Terry,Analytics & Reporting,Kalli Fearneley,Moderate
986,Mari,React JS,Wallis Degoix,Good
80,Edward,OS,Beverlee Lachaize,Poor
815,Luca,QA,Dorena Fowgies,Good
187,Romona,Python,Frank Christmas,Poor
28,Linzy,Typescript,Xymenes Pauls,Very Good
498,Gabey,Analytics & Reporting,Kalli Fearneley,Poor
802,Care,SQL,Thom Coudray,Moderate
895,Sandy,DBT,Berni Gorghetto,Very Good
712,Clive,UI/UX(Figma),Tobie Grimsdith,Moderate
164,Rochette,Typescript,Xymenes Pauls,Good
187,Romona,HTML&CSS,Shellie Tillyer,Very Good
156,Luise,Power BI,Sander Fearnyhough,Very Good
668,Camellia,Data Warehouse,Sherill Sussems,Poor
129,Mureil,ADF,Rosamund Lynnitt,Good
764,Martguerita,Data Warehouse,Sherill Sussems,Excellent
440,Rita,SQL,Thom Coudray,Moderate
51,Hamel,React JS,Wallis Degoix,Good
785,Ailee,React JS,Wallis Degoix,Poor
984,Sibella,Web Scraping,Nita Cuniam,Poor
828,Candace,Python,Frank Christmas,Poor
608,Alica,OS,Beverlee Lachaize,Excellent
604,Emmy,ADF,Rosamund Lynnitt,Excellent
538,Pat,Power BI,Sander Fearnyhough,Very Good
669,Ardeen,Analytics & Reporting,Kalli Fearneley,Moderate
955,Patience,Web Scraping,Nita Cuniam,Good
854,Merilyn,UI/UX(Figma),Tobie Grimsdith,Excellent
861,Carlotta,UI/UX(Figma),Tobie Grimsdith,Excellent
941,Gustie,QA,Dorena Fowgies,Poor
814,Lutero,Javascript,Ardis Shalders,Very Good
9,Merwin,Data Warehouse,Sherill Sussems,Poor
450,Flint,Cloud Platforms,Lenore Boulding,Good
457,Sheba,Analytics & Reporting,Kalli Fearneley,Poor
956,Edwin,SQL,Thom Coudray,Very Good
718,Ann-marie,Javascript,Ardis Shalders,Excellent
170,Albrecht,HTML&CSS,Shellie Tillyer,Excellent
428,Barbabas,DBT,Berni Gorghetto,Excellent
869,Lek,React JS,Wallis Degoix,Excellent
914,Shandeigh,DBT,Berni Gorghetto,Moderate
291,Tracie,Cloud Platforms,Lenore Boulding,Good
328,Daria,HTML&CSS,Shellie Tillyer,Good
132,Adler,Software Components,Ramonda Jone,Excellent
663,Gil,Git & Version Control,Jacky Muscat,Excellent
409,Winifield,Typescript,Xymenes Pauls,Poor
691,Allard,Power BI,Sander Fearnyhough,Excellent
857,Simonette,UI/UX(Figma),Tobie Grimsdith,Poor
287,Nelly,Typescript,Xymenes Pauls,Good
106,Dani,Javascript,Ardis Shalders,Poor
919,Frederich,Javascript,Ardis Shalders,Good
94,Clevie,Power BI,Sander Fearnyhough,Very Good
793,Farly,HTML&CSS,Shellie Tillyer,Excellent
8,Audrey,Javascript,Ardis Shalders,Very Good
910,Lorettalorna,DBT,Berni Gorghetto,Moderate
386,Teddie,Javascript,Ardis Shalders,Poor
258,Winnifred,ADF,Rosamund Lynnitt,Good
972,Gilbertine,Python,Frank Christmas,Moderate
512,Chryste,Git & Version Control,Jacky Muscat,Moderate
237,Antonino,OS,Beverlee Lachaize,Poor
337,Iolande,Networking,Gabi Wasiel,Excellent
593,Edik,React JS,Wallis Degoix,Good
419,Graig,ADF,Rosamund Lynnitt,Good
843,Merilyn,SQL,Thom Coudray,Moderate
595,Catlaina,UI Path,Maggy Poynser,Good
335,Jeromy,OS,Beverlee Lachaize,Very Good
601,Loralyn,Python,Frank Christmas,Excellent
570,Tull,Cloud Platforms,Lenore Boulding,Excellent
161,Wendeline,Power BI,Sander Fearnyhough,Good
576,Towney,Javascript,Ardis Shalders,Poor
107,Richmound,Power BI,Sander Fearnyhough,Very Good
304,Carmelle,Cloud Platforms,Lenore Boulding,Poor
961,Walsh,Analytics & Reporting,Kalli Fearneley,Very Good
888,Brody,Power BI,Sander Fearnyhough,Excellent
747,Denny,Software Components,Ramonda Jone,Good
110,Royal,Javascript,Ardis Shalders,Good
989,Duff,UI/UX(Figma),Tobie Grimsdith,Good
347,Amata,SQL,Thom Coudray,Poor
706,Myles,Analytics & Reporting,Kalli Fearneley,Poor
865,Quincy,OS,Beverlee Lachaize,Very Good
441,Vale,Python,Frank Christmas,Excellent
717,Alejandrina,UI/UX(Figma),Tobie Grimsdith,Very Good
80,Edward,Data Warehouse,Sherill Sussems,Excellent
939,Neddie,DBT,Berni Gorghetto,Moderate
78,Nickie,Javascript,Ardis Shalders,Excellent
704,Carly,Cloud Platforms,Lenore Boulding,Very Good
445,Diane,Git & Version Control,Jacky Muscat,Excellent
781,Isa,Data Warehouse,Sherill Sussems,Good
984,Sibella,Typescript,Xymenes Pauls,Poor
350,Zola,UI Path,Maggy Poynser,Poor
100,Diannne,Git & Version Control,Jacky Muscat,Good
578,Layney,DBT,Berni Gorghetto,Good
371,Rickert,React JS,Wallis Degoix,Excellent
928,Dalton,Networking,Gabi Wasiel,Good
624,Erika,UI Path,Maggy Poynser,Moderate
316,Alleen,ADF,Rosamund Lynnitt,Moderate
653,Querida,ADF,Rosamund Lynnitt,Poor
25,Allissa,Typescript,Xymenes Pauls,Good
271,Jase,Typescript,Xymenes Pauls,Good
255,Godart,UI/UX(Figma),Tobie Grimsdith,Very Good
888,Brody,Web Scraping,Nita Cuniam,Excellent
259,Lola,SQL,Thom Coudray,Moderate
425,Aurthur,Software Components,Ramonda Jone,Poor
138,Dedra,UI/UX(Figma),Tobie Grimsdith,Poor
195,Boothe,DBT,Berni Gorghetto,Poor
95,Bearnard,React JS,Wallis Degoix,Poor
472,Gilbertina,Data Warehouse,Sherill Sussems,Good
9,Merwin,HTML&CSS,Shellie Tillyer,Moderate
689,Josh,QA,Dorena Fowgies,Excellent
669,Ardeen,Data Warehouse,Sherill Sussems,Moderate
588,Nicoline,React JS,Wallis Degoix,Very Good
486,Parker,QA,Dorena Fowgies,Moderate
681,Wiatt,OS,Beverlee Lachaize,Moderate
274,Mella,Networking,Gabi Wasiel,Good
397,Glynn,Web Scraping,Nita Cuniam,Poor
478,Asia,Web Scraping,Nita Cuniam,Poor
736,Francis,Networking,Gabi Wasiel,Moderate
13,Thedric,Software Components,Ramonda Jone,Poor
410,Aindrea,OS,Beverlee Lachaize,Moderate
310,Frank,HTML&CSS,Shellie Tillyer,Excellent
345,Giralda,UI Path,Maggy Poynser,Good
578,Layney,Power BI,Sander Fearnyhough,Excellent
703,Angel,HTML&CSS,Shellie Tillyer,Very Good
590,Domini,HTML&CSS,Shellie Tillyer,Moderate
720,Marchall,Cloud Platforms,Lenore Boulding,Excellent
734,Aile,Analytics & Reporting,Kalli Fearneley,Excellent
92,Madelaine,React JS,Wallis Degoix,Poor
718,Ann-marie,Data Warehouse,Sherill Sussems,Moderate
663,Gil,Typescript,Xymenes Pauls,Moderate
332,Finley,Typescript,Xymenes Pauls,Good
270,Enriqueta,Javascript,Ardis Shalders,Poor
61,Brina,Data Warehouse,Sherill Sussems,Very Good
409,Winifield,Cloud Platforms,Lenore Boulding,Moderate
820,Tyrone,QA,Dorena Fowgies,Poor
10,Lin,Cloud Platforms,Lenore Boulding,Moderate
250,Fawnia,QA,Dorena Fowgies,Excellent
985,Terri,UI Path,Maggy Poynser,Good
234,Holly,Typescript,Xymenes Pauls,Excellent
71,Jelene,ADF,Rosamund Lynnitt,Good
157,Vaughn,React JS,Wallis Degoix,Very Good
831,Marguerite,Cloud Platforms,Lenore Boulding,Excellent
540,Connie,React JS,Wallis Degoix,Very Good
998,Quintana,Web Scraping,Nita Cuniam,Moderate
407,Farand,Networking,Gabi Wasiel,Excellent
734,Aile,DBT,Berni Gorghetto,Excellent
692,Taffy,Power BI,Sander Fearnyhough,Very Good
641,Horace,ADF,Rosamund Lynnitt,Excellent
791,Bernice,Analytics & Reporting,Kalli Fearneley,Excellent
358,Alfie,React JS,Wallis Degoix,Good
543,Matthaeus,Git & Version Control,Jacky Muscat,Poor
971,Vern,Cloud Platforms,Lenore Boulding,Good
795,Sargent,ADF,Rosamund Lynnitt,Moderate
312,Megen,OS,Beverlee Lachaize,Good
16,Mariana,HTML&CSS,Shellie Tillyer,Moderate
286,Bucky,UI/UX(Figma),Tobie Grimsdith,Excellent
542,Elliott,QA,Dorena Fowgies,Poor
820,Tyrone,Git & Version Control,Jacky Muscat,Very Good
776,Saundra,ADF,Rosamund Lynnitt,Excellent
625,Sammy,Power BI,Sander Fearnyhough,Poor
481,Gale,HTML&CSS,Shellie Tillyer,Moderate
92,Madelaine,Cloud Platforms,Lenore Boulding,Good
760,Penelope,Cloud Platforms,Lenore Boulding,Moderate
245,Emyle,UI/UX(Figma),Tobie Grimsdith,Good
140,Wilie,UI/UX(Figma),Tobie Grimsdith,Poor
747,Denny,Power BI,Sander Fearnyhough,Excellent
57,Morgana,HTML&CSS,Shellie Tillyer,Excellent
157,Vaughn,ADF,Rosamund Lynnitt,Poor
555,Yancy,ADF,Rosamund Lynnitt,Moderate
658,Salomi,Cloud Platforms,Lenore Boulding,Very Good
642,Desmund,Typescript,Xymenes Pauls,Moderate
372,Thayne,SQL,Thom Coudray,Very Good
555,Yancy,Typescript,Xymenes Pauls,Very Good
113,Krissie,Web Scraping,Nita Cuniam,Moderate
440,Rita,Typescript,Xymenes Pauls,Poor
486,Parker,QA,Dorena Fowgies,Moderate
758,Carole,Cloud Platforms,Lenore Boulding,Poor
274,Mella,Power BI,Sander Fearnyhough,Moderate
947,Willamina,HTML&CSS,Shellie Tillyer,Very Good
535,Chicky,React JS,Wallis Degoix,Good
937,Bernadine,React JS,Wallis Degoix,Moderate
192,Urson,Networking,Gabi Wasiel,Moderate
782,Ginger,OS,Beverlee Lachaize,Good
397,Glynn,OS,Beverlee Lachaize,Moderate
208,Damiano,React JS,Wallis Degoix,Excellent
784,Ibby,QA,Dorena Fowgies,Moderate
577,Sonny,Cloud Platforms,Lenore Boulding,Poor
342,Franny,Javascript,Ardis Shalders,Good
842,Cleon,React JS,Wallis Degoix,Moderate
958,Gloriane,Software Components,Ramonda Jone,Moderate
135,Auguste,Python,Frank Christmas,Very Good
271,Jase,UI/UX(Figma),Tobie Grimsdith,Excellent
991,Trevar,Javascript,Ardis Shalders,Very Good
555,Yancy,HTML&CSS,Shellie Tillyer,Moderate
992,Bartlet,UI/UX(Figma),Tobie Grimsdith,Poor
459,Hillary,Analytics & Reporting,Kalli Fearneley,Excellent
543,Matthaeus,Networking,Gabi Wasiel,Moderate
123,Devonna,Typescript,Xymenes Pauls,Poor
975,Emily,React JS,Wallis Degoix,Poor
804,Dacy,Analytics & Reporting,Kalli Fearneley,Moderate
859,Florence,Typescript,Xymenes Pauls,Moderate
919,Frederich,DBT,Berni Gorghetto,Excellent
569,Skipp,Git & Version Control,Jacky Muscat,Moderate
22,Ewell,Networking,Gabi Wasiel,Poor
26,Ilaire,Python,Frank Christmas,Excellent
807,Germayne,Python,Frank Christmas,Very Good
865,Quincy,Networking,Gabi Wasiel,Moderate
263,Kin,Cloud Platforms,Lenore Boulding,Good
900,Wileen,UI Path,Maggy Poynser,Poor
118,Elyssa,UI Path,Maggy Poynser,Excellent
531,Roi,UI/UX(Figma),Tobie Grimsdith,Moderate
223,Arie,Javascript,Ardis Shalders,Moderate
17,Felike,Data Warehouse,Sherill Sussems,Moderate
305,Gaspar,DBT,Berni Gorghetto,Moderate
857,Simonette,Power BI,Sander Fearnyhough,Very Good
713,Octavia,DBT,Berni Gorghetto,Moderate
7,Mersey,Data Warehouse,Sherill Sussems,Excellent
746,Danette,SQL,Thom Coudray,Excellent
473,Jacquenette,Python,Frank Christmas,Poor
302,Avivah,Javascript,Ardis Shalders,Very Good
85,Misha,React JS,Wallis Degoix,Moderate
31,Eadie,Analytics & Reporting,Kalli Fearneley,Moderate
73,Dolf,OS,Beverlee Lachaize,Excellent
63,Edmon,Power BI,Sander Fearnyhough,Poor
319,Adlai,Networking,Gabi Wasiel,Very Good
727,Leslie,Web Scraping,Nita Cuniam,Good
296,Elisabetta,ADF,Rosamund Lynnitt,Poor
917,Scarlett,Git & Version Control,Jacky Muscat,Moderate
190,Rolfe,Git & Version Control,Jacky Muscat,Very Good
704,Carly,Analytics & Reporting,Kalli Fearneley,Excellent
138,Dedra,Javascript,Ardis Shalders,Good
502,Sonnnie,Analytics & Reporting,Kalli Fearneley,Very Good
357,Chauncey,Data Warehouse,Sherill Sussems,Poor
267,Arden,Power BI,Sander Fearnyhough,Moderate
718,Ann-marie,Javascript,Ardis Shalders,Very Good
911,Gram,Web Scraping,Nita Cuniam,Poor
44,Terry,OS,Beverlee Lachaize,Poor
301,Marget,Analytics & Reporting,Kalli Fearneley,Very Good
687,Rube,Typescript,Xymenes Pauls,Poor
621,Dolly,DBT,Berni Gorghetto,Moderate
640,Nicoline,Data Warehouse,Sherill Sussems,Poor
948,Ulric,Cloud Platforms,Lenore Boulding,Good
457,Sheba,UI/UX(Figma),Tobie Grimsdith,Poor
115,Matti,HTML&CSS,Shellie Tillyer,Moderate
218,Nicolle,HTML&CSS,Shellie Tillyer,Very Good
668,Camellia,Networking,Gabi Wasiel,Very Good
114,Ginger,Power BI,Sander Fearnyhough,Moderate
5,Ferdinande,Power BI,Sander Fearnyhough,Poor
603,Sari,Javascript,Ardis Shalders,Moderate
143,Stacy,Python,Frank Christmas,Poor
379,Kania,Typescript,Xymenes Pauls,Moderate
440,Rita,HTML&CSS,Shellie Tillyer,Very Good
98,Myranda,HTML&CSS,Shellie Tillyer,Excellent
872,Roseanne,QA,Dorena Fowgies,Very Good
987,Gleda,React JS,Wallis Degoix,Very Good
521,Meryl,DBT,Berni Gorghetto,Moderate
172,Ewell,DBT,Berni Gorghetto,Very Good
689,Josh,Web Scraping,Nita Cuniam,Very Good
37,Samson,Python,Frank Christmas,Good
418,Erastus,ADF,Rosamund Lynnitt,Very Good
756,Jerad,Javascript,Ardis Shalders,Very Good
568,Caryn,Cloud Platforms,Lenore Boulding,Excellent
977,Alvinia,Software Components,Ramonda Jone,Very Good
941,Gustie,ADF,Rosamund Lynnitt,Good
53,Imelda,DBT,Berni Gorghetto,Moderate
624,Erika,Web Scraping,Nita Cuniam,Good
27,Corny,Networking,Gabi Wasiel,Poor
38,Netta,UI Path,Maggy Poynser,Good
738,Rudd,Web Scraping,Nita Cuniam,Moderate
393,Alina,Git & Version Control,Jacky Muscat,Excellent
488,Darlleen,Power BI,Sander Fearnyhough,Good
57,Morgana,DBT,Berni Gorghetto,Moderate
541,Vevay,Data Warehouse,Sherill Sussems,Excellent
748,Katya,ADF,Rosamund Lynnitt,Moderate
310,Frank,Typescript,Xymenes Pauls,Moderate
676,Bevvy,UI/UX(Figma),Tobie Grimsdith,Excellent
321,Zechariah,Software Components,Ramonda Jone,Good
915,Gary,Javascript,Ardis Shalders,Very Good
120,Aida,UI/UX(Figma),Tobie Grimsdith,Very Good
274,Mella,Javascript,Ardis Shalders,Poor
837,Rebbecca,Git & Version Control,Jacky Muscat,Excellent
467,Arne,Python,Frank Christmas,Very Good
16,Mariana,UI Path,Maggy Poynser,Poor
305,Gaspar,Typescript,Xymenes Pauls,Moderate
929,Donetta,UI Path,Maggy Poynser,Good
851,Angel,Data Warehouse,Sherill Sussems,Excellent
647,Silvie,Software Components,Ramonda Jone,Excellent
496,Zelig,Typescript,Xymenes Pauls,Excellent
31,Eadie,DBT,Berni Gorghetto,Excellent
789,Paco,Networking,Gabi Wasiel,Good
793,Farly,Javascript,Ardis Shalders,Moderate
456,Gannon,Cloud Platforms,Lenore Boulding,Very Good
871,Rianon,SQL,Thom Coudray,Moderate
772,Pru,Javascript,Ardis Shalders,Good
231,Wilmette,Analytics & Reporting,Kalli Fearneley,Good
801,Tim,Networking,Gabi Wasiel,Moderate
310,Frank,UI Path,Maggy Poynser,Poor
640,Nicoline,DBT,Berni Gorghetto,Poor
310,Frank,Networking,Gabi Wasiel,Good
967,Marysa,Git & Version Control,Jacky Muscat,Excellent
853,Patsy,Python,Frank Christmas,Good
56,Roxana,Javascript,Ardis Shalders,Good
772,Pru,Data Warehouse,Sherill Sussems,Poor
374,Abbe,SQL,Thom Coudray,Excellent
263,Kin,Web Scraping,Nita Cuniam,Excellent
28,Linzy,Python,Frank Christmas,Excellent
578,Layney,Networking,Gabi Wasiel,Excellent
748,Katya,ADF,Rosamund Lynnitt,Moderate
739,Lotty,UI Path,Maggy Poynser,Moderate
328,Daria,Power BI,Sander Fearnyhough,Poor
665,Elias,DBT,Berni Gorghetto,Moderate
295,Brinna,Analytics & Reporting,Kalli Fearneley,Very Good
936,Hanson,Cloud Platforms,Lenore Boulding,Poor
20,Darlene,Javascript,Ardis Shalders,Good
867,Bunnie,DBT,Berni Gorghetto,Moderate
805,Christa,Typescript,Xymenes Pauls,Moderate
218,Nicolle,Data Warehouse,Sherill Sussems,Moderate
851,Angel,React JS,Wallis Degoix,Good
486,Parker,Analytics & Reporting,Kalli Fearneley,Poor
67,Jenilee,React JS,Wallis Degoix,Moderate
866,Ana,OS,Beverlee Lachaize,Very Good
231,Wilmette,Web Scraping,Nita Cuniam,Good
238,Gaby,React JS,Wallis Degoix,Good
632,Elke,Python,Frank Christmas,Very Good
334,Gris,Power BI,Sander Fearnyhough,Poor
