id,Name,TrainingName,TrainerName,feedback
759,Ruggiero Levitt,HTML&CSS,Allyn Boness,Moderate
247,Melisse Heart,DBT,Oona Jakubovicz,Very Good
318,Trent Elnor,Power BI,Claudie Boston,Excellent
189,Diandra MacCleay,HTML&CSS,Oswald Othen,Good
113,Fedora Maggi,UI/UX(Figma),Devon Jull,Moderate
928,Diego Fremantle,ADF,Gavan Garthside,Poor
156,Dallis Steenson,Python,Giovanna Connaughton,Moderate
105,Lucias Greatex,OS,Johann Endecott,Very Good
810,Desmond Markwick,ADF,Andre Ackeroyd,Very Good
946,Pacorro O'Brogan,Cloud Platforms,Dorree Spriggen,Excellent
179,Shem McKirton,Data Warehouse,Tonya Arcase,Good
959,Merrili Truckell,Git & Version Control,Tully Puddin,Moderate
585,Gleda Gogerty,OS,Stephannie Lidgard,Excellent
919,Michelle Arrighi,OS,Abby Venners,Excellent
382,Chelsie Paramore,Git & Version Control,Berthe Wardlow,Moderate
390,Billie Snookes,Cloud Platforms,Vincenz Wallwork,Excellent
722,Alena St. Hill,Networking,Benny Kitcatt,Good
820,Natalya Attoc,DBT,Gilemette Rickesies,Poor
82,Kathy Costy,Typescript,Jorie Ruppert,Moderate
569,Vanni Leversha,Analytics & Reporting,Fidelio Ghilks,Moderate
500,Elijah Wannell,React JS,Alyce Gowthrop,Very Good
480,Pavia Magnay,Data Warehouse,Rufe Chapling,Excellent
89,Norah Devers,Typescript,Sloane Lean,Excellent
963,Nappie Poynter,Typescript,Camella Lerwell,Very Good
316,Ashlen Baumber,SQL,Garry Britto,Poor
13,Carmine Terzo,UI Path,Lewes Bennington,Poor
499,Nikkie Berkowitz,Git & Version Control,Kippy Cazereau,Moderate
822,Ardenia Moden,Javascript,Berkie Stannis,Poor
836,Gerhard Mulcaster,Software Components,Annecorinne Grimster,Good
222,Anallise Bonfield,QA,Fanchette Maybury,Excellent
368,Alena Gerdes,Web Scraping,Tymothy Itscowics,Excellent
779,Petronille Colthard,Python,Arny Goodanew,Poor
401,Cordie Duck,Javascript,Blythe Jellis,Moderate
94,Brody Toffolini,Cloud Platforms,Georg Hencke,Good
646,Costa Sander,Git & Version Control,Benoite Solomon,Poor
378,Chadd Checchi,UI/UX(Figma),Karlan Greatbanks,Poor
736,Corabelle Nutbeem,UI/UX(Figma),Mike Coxwell,Poor
453,Suellen Ponting,Javascript,Benedicta Ronisch,Very Good
163,Clo Borrows,Networking,Conant McFeat,Poor
422,Syman Banane,HTML&CSS,Inga Braisby,Good
485,Rianon Tillyer,OS,Paule Gerald,Very Good
535,Sibilla Zealey,Power BI,Ashia Pahl,Moderate
534,Brion Tommasi,Software Components,Dre Bastian,Poor
464,Buddie Ziemens,UI/UX(Figma),Raimundo Michallat,Good
399,Rakel Vergine,QA,Avictor Earlam,Very Good
547,Daisi Aldritt,Power BI,Tallie Dempster,Poor
644,Johna Antos,Cloud Platforms,Clarissa Pauletto,Good
303,Margy Schwander,Git & Version Control,Bruno Quin,Moderate
219,Thorndike Haxell,OS,Louella Bickardike,Good
251,Fidole Rivel,React JS,William Keay,Good
466,Melitta Goodyer,DBT,Vanna Hasney,Good
539,Janela Cellier,UI Path,Stephani Nester,Moderate
804,Benjy Cutcliffe,UI Path,Vivyan Tant,Good
659,Alvira Fullilove,Web Scraping,Ransell Pavier,Poor
828,Flss Quilter,UI Path,Drusi Fitter,Poor
454,Alwyn Thomsen,Git & Version Control,Sada Goretti,Very Good
815,Ansel Elcom,Python,Theressa Watterson,Very Good
326,Serene O'Fihillie,UI/UX(Figma),Marcos Curnow,Excellent
255,Bev Juszczak,HTML&CSS,Anatol Capstake,Moderate
94,Boigie Blampy,Power BI,Brooke Mawer,Poor
999,Megan Stock,UI/UX(Figma),Payton Plom,Good
360,Kassey Nalder,React JS,Thaddus Edgson,Very Good
331,Hilarius Ottewell,React JS,Oswald Scutt,Good
492,Morse McGuirk,QA,Celestine Carswell,Excellent
173,Lorrin Gridley,Power BI,Rustie Rubinov,Poor
926,Radcliffe Tume,Web Scraping,Heywood Duffin,Good
587,Ede Kenneway,Software Components,Michael Pletts,Poor
901,Ruby Fairman,QA,Tonya Forrest,Very Good
88,Kris Habbergham,Typescript,Alan Ainge,Poor
948,Theresita Pipping,UI Path,Keene Worlidge,Poor
966,Wini Windibank,Web Scraping,Ardyce Leak,Moderate
496,Carry Snowman,Power BI,Reeba Meysham,Moderate
713,Carolynn Emloch,OS,Daffy Siviter,Very Good
278,Steffie Gores,Software Components,Lamar Chidler,Very Good
127,Filia MacLardie,Data Warehouse,Mariam Binnell,Poor
227,Edouard Dany,HTML&CSS,Floria Davio,Very Good
305,Zita MacGillespie,Git & Version Control,Inglis Bakeup,Poor
673,Alphonso Galea,Software Components,Cacilie O'Hoey,Moderate
735,Datha Toupe,Python,Garnet Manoelli,Poor
568,Claudius Szreter,Data Warehouse,Matti Provest,Good
477,Erhart Peerless,Git & Version Control,Deedee Figure,Moderate
694,Drusi M'Barron,QA,Richart Paaso,Excellent
183,April Bedin,Web Scraping,Louisa Chimenti,Very Good
410,Agnola Hensmans,Python,Ruperto Drivers,Excellent
163,Marsha Cooksey,React JS,Garv Sutehall,Poor
26,Gaelan Hasel,Cloud Platforms,Terry Chewter,Very Good
563,Nana Margrie,Python,Peg Pykett,Very Good
63,Lyman Cursons,ADF,Teddy Carwithen,Poor
906,Adda Rimer,Javascript,Jess Trewin,Poor
268,Dudley Corradengo,Software Components,Stacy Audritt,Excellent
602,Welby Everil,SQL,Verna Mardy,Excellent
86,Artemus Merryfield,Power BI,Jamie Acott,Moderate
548,Arlee Wistance,Python,Dian Linnett,Very Good
750,Vernice McArley,OS,Ciro Estcot,Very Good
530,Leila Swigger,Typescript,Ned Piche,Poor
887,Barret Otham,UI/UX(Figma),Martie Vasey,Good
949,Consolata Greneham,DBT,Rudy Hofner,Very Good
646,Debbi Shale,Networking,Lodovico Bentson,Excellent
239,Maria Yitzowitz,Analytics & Reporting,Tulley Blampy,Excellent
710,Glenden Cogar,SQL,Ky Stevenson,Moderate
574,Josephina Camden,Data Warehouse,Lockwood Audsley,Very Good
701,Blaine Magenny,UI/UX(Figma),Suzanna Jirus,Moderate
43,Cynde Vasilmanov,DBT,Emmet Dunaway,Moderate
693,Christan Featherston,Python,Donnajean Tumpane,Moderate
649,Neron O'Hannen,Analytics & Reporting,Eolanda Gilley,Good
111,Isidor Pascho,Networking,Delphine Meneur,Poor
352,Thoma Prothero,QA,Everett Andrzejowski,Very Good
738,Nealon Isenor,React JS,Hasty Keysel,Very Good
77,Frans Maleham,HTML&CSS,Kassandra Houdhury,Poor
471,Morrie McPhate,ADF,Berta Kelston,Poor
175,Louisette Schnieder,Web Scraping,Starr Walch,Moderate
543,Ingaborg Saich,React JS,Aimil Maunsell,Poor
737,Alanah Stenbridge,OS,Saxon Cantor,Excellent
580,Quinlan Maso,Power BI,Roz Groll,Excellent
154,Nananne Doblin,Data Warehouse,Fonz Cockshutt,Excellent
417,Myrtice Anthiftle,HTML&CSS,Claudie Beenham,Poor
855,Mab Roast,OS,Eliot Merrydew,Poor
766,Isa Allett,Analytics & Reporting,Nollie Christensen,Moderate
916,Konstanze Josling,SQL,Marguerite Veevers,Excellent
374,Shannan Knappe,Software Components,Xever Brason,Good
375,Grant McArdle,Networking,Kasper Camidge,Good
919,Pippy Tackett,Software Components,Beulah Weatherburn,Very Good
172,Kimberly Tyas,HTML&CSS,Kerk Wasbrough,Moderate
847,Cyndia Bedingfield,OS,Ezri Eate,Good
927,Edan Cranch,Typescript,Aile Scoates,Moderate
65,Gunter Russo,Typescript,Ariel Gillion,Excellent
742,Peggy Kornyakov,OS,Rebbecca Willingale,Good
802,Linette Cudde,QA,Annalee Sheere,Moderate
440,Kaile Cornall,UI Path,Jon Rickeard,Moderate
620,Odessa Haysom,UI/UX(Figma),Hurlee McGrae,Excellent
771,Diannne Petrashov,Software Components,Kirsteni Lapworth,Very Good
2,Charo Malsher,UI Path,Kane Norgate,Excellent
716,Fidela Mitchelson,Cloud Platforms,Cthrine Errichelli,Poor
721,Gwenette Lardier,Typescript,Siegfried Crotty,Very Good
848,Ashlie McArthur,React JS,Alexander Addinall,Very Good
106,Evy Seawright,Python,Anetta Litchfield,Poor
781,Eudora Wimbridge,Analytics & Reporting,Virge Menpes,Good
978,Warren Caesman,DBT,Darlene Seath,Excellent
786,Renee Solloway,Cloud Platforms,Bendick Payley,Very Good
77,Harlin Wreak,React JS,Solly Bamber,Very Good
755,Trixi Lamp,DBT,Verla Mallett,Moderate
836,Zorah Will,Git & Version Control,Gianna Trase,Moderate
778,Elisabet Songust,Git & Version Control,Cassie Sambles,Moderate
584,Dehlia Jedrzejczak,QA,Tobin Blondin,Excellent
653,Reilly Pimblotte,QA,Sileas Trevino,Very Good
648,Helenka Alishoner,UI/UX(Figma),Evvie Blacklock,Excellent
1,Nonie Freshwater,Git & Version Control,Molly Plackstone,Moderate
475,Dene Le feaver,React JS,Ingmar Ugolotti,Excellent
257,Ade Byfield,Analytics & Reporting,Felisha Garbett,Excellent
369,Farris Cudihy,Networking,Collette Lusher,Excellent
170,Debbi Gavan,OS,Brigham Coram,Poor
802,Lucais Burchett,Power BI,Rudy Akroyd,Moderate
998,Alaine Dallemore,Data Warehouse,Basilio Butterfill,Moderate
709,Vinita Spicer,SQL,Allsun Doodson,Excellent
970,Claudius Humbie,UI Path,Yalonda Saill,Good
787,Hardy Tremaine,Typescript,Mollie Kollas,Poor
45,Armando Cracie,Web Scraping,Joseito Blue,Excellent
818,Lila Caulier,UI Path,Osbourne Sweeney,Moderate
579,Bren Dombrell,Javascript,Audre MacAllester,Moderate
883,Agnella McLinden,ADF,Rosalie McKitterick,Excellent
628,Efren Yakushkin,Cloud Platforms,Mohammed Casetti,Moderate
102,Colan MacMenamin,Analytics & Reporting,Nell MacKain,Moderate
452,Peterus Heppenspall,Data Warehouse,Arlan Leifer,Very Good
469,Karyl Tole,Data Warehouse,Shara Veschi,Very Good
407,Keri Rooksby,Git & Version Control,Faulkner Murton,Excellent
103,Lindy Turbern,Python,Athena Crimin,Poor
682,Audre Perfitt,Git & Version Control,Carver Goligly,Poor
11,Ella Delhanty,Git & Version Control,Natka Purchon,Good
582,Pierette Casterot,HTML&CSS,Annabella Walkey,Excellent
192,Mira McFadden,QA,Chastity Strathman,Excellent
643,Aimee Braybrooks,QA,Matthaeus Masding,Moderate
43,Reuben Cradock,SQL,Elfie Mc Menamin,Poor
24,Theo Dickman,QA,Jacquelin Poff,Very Good
198,Nigel Luckcuck,ADF,Aguste Stubbins,Good
9,Duke Van der Beek,Networking,Jaye Stiling,Good
257,Stephi Mowne,HTML&CSS,Bev Newborn,Excellent
217,Jacklyn MacFadzean,React JS,Wrennie Feldfisher,Excellent
271,Bernadina Bramer,DBT,Forest Maykin,Excellent
680,Cinderella Catlow,OS,Lorena Perle,Very Good
470,Griffin Thundercliffe,SQL,Carlos Tremelling,Moderate
808,Sigmund Dermot,Power BI,Elisabet Lawly,Moderate
876,Ulysses Gribbell,Software Components,Laure Sainthill,Excellent
80,Rheba Garrie,Analytics & Reporting,Martina O'Cosgra,Poor
762,Genvieve Cloute,Analytics & Reporting,Arden Crosthwaite,Very Good
341,Emanuele Bavidge,Web Scraping,Carroll Passby,Moderate
264,Lindsay Beautyman,Typescript,Frances De Bernardi,Excellent
535,Blayne Housbie,Javascript,Shelia Manders,Good
135,Koo Yanyushkin,Networking,Farlee Esseby,Moderate
101,Humphrey Kovnot,DBT,Edith Stotherfield,Poor
642,Inger Jarret,React JS,Giana Tristram,Very Good
198,Richmond Stollenhof,OS,Remus Overshott,Good
636,Agneta Cudworth,Software Components,Pen Madre,Excellent
635,Darby Aslen,Git & Version Control,Lelah Landall,Excellent
346,Wilbert Klaff,Cloud Platforms,Arnaldo Yitzovicz,Good
277,Francyne Ruddock,Typescript,Avril Tokley,Poor
979,Brander Bourges,OS,Marris Kittoe,Poor
80,Bonita Ball,Networking,Gualterio Roelofs,Poor
38,Maritsa Tootell,Power BI,Ole Walduck,Poor
546,Piper Hagland,Data Warehouse,Claudius Chattelaine,Very Good
432,Lauri Della,React JS,Sharron Caherny,Poor
249,Arthur Showler,Power BI,Nikolaus Cable,Very Good
111,Sigismond Tesche,OS,Desirae Jory,Moderate
693,Pincas Wale,Javascript,Lutero Meaden,Poor
25,Herrick Medmore,Cloud Platforms,Dominique Royle,Poor
623,Philbert Niles,Networking,Hildagarde Binham,Moderate
701,Beatrisa Stuckes,Power BI,Kathy Nuschke,Poor
211,Maryl Rainey,QA,Polly Bastin,Very Good
656,Rustin Ineson,Typescript,Reid Creggan,Poor
500,Murry Give,UI/UX(Figma),Demetria Bettesworth,Excellent
833,Teri Rambadt,UI/UX(Figma),Pooh Hilldrop,Poor
165,Newton Jovicevic,Git & Version Control,Ingar Custard,Poor
412,Kali Maryott,Networking,Mareah Dimont,Moderate
432,Fleming Barth,Web Scraping,Kale Tolomio,Very Good
271,Karry Hagland,Cloud Platforms,Karyn Jereatt,Poor
949,Reina Grabham,OS,Daile Chew,Good
535,Felic Padkin,Git & Version Control,Danya Swanson,Poor
694,Regine Buxam,UI Path,Bria Gynni,Poor
386,Idelle Coronado,Cloud Platforms,Tania Moret,Moderate
21,Noah Astle,React JS,Herschel Treleaven,Moderate
671,Stevie Quest,HTML&CSS,Sofia Eastmead,Good
762,Minne Cornbill,Cloud Platforms,Peg Andell,Moderate
949,Derron Rolf,HTML&CSS,Mead Gutridge,Moderate
53,Hew Blackie,Data Warehouse,Dorice Davydychev,Poor
281,Merrile Walesa,Python,Farrell Wholesworth,Good
351,Luella Daouze,ADF,Roxi Cadden,Excellent
697,Forest Cattow,HTML&CSS,Lory Creevy,Good
523,Christian Longstaffe,Cloud Platforms,Harley Sly,Good
780,Eadmund Hegarty,Power BI,Wiatt Cheverton,Excellent
103,Colette Nuschke,Typescript,Kristofor Shrimpton,Very Good
620,Saunderson McKeating,DBT,Clemence Tuttiett,Good
511,Patience McIndrew,UI/UX(Figma),Amelina Steade,Very Good
233,Audy Slimings,Javascript,Brnaba Flowith,Moderate
963,Mariel Hub,QA,Trev Bruckent,Very Good
704,Alphard Chafney,UI/UX(Figma),Norrie Talloe,Moderate
987,Johnna Rewbottom,HTML&CSS,Urbano Bein,Poor
471,Haleigh Dowdam,ADF,Farley Pasley,Excellent
710,Alaster Rodge,Networking,Rockie Evill,Very Good
661,Finley Dowsett,Python,Storm Nevinson,Good
244,Zack Hargie,Cloud Platforms,Jori Diggins,Moderate
327,Jillayne Vallintine,Power BI,Babs Strangeway,Poor
35,Marabel Winram,SQL,Cherice Ranger,Good
574,Rosette Josipovitz,Typescript,Kenton Ainger,Poor
375,Dill Chisnall,Analytics & Reporting,Ozzy Herity,Poor
692,Irvine O'Sheerin,Analytics & Reporting,Rani Boler,Good
178,Alonzo Prestwich,SQL,Taddeusz Pettinger,Poor
739,Merla Mortimer,UI Path,Frances Fitchet,Very Good
68,Kassandra Drewet,Javascript,Iago Magenny,Poor
214,Di Beecheno,Power BI,Amil De Gregoli,Good
421,Clarie Casajuana,HTML&CSS,Diarmid Lalley,Good
161,Laurence Meaders,SQL,Vincents Grigolon,Good
233,Tami Prattington,Software Components,Drugi Ponsford,Very Good
297,Antonino Standbridge,Cloud Platforms,Minnaminnie Pethybridge,Good
198,Arleyne Littlechild,ADF,Marnie Adicot,Very Good
163,Vivi Collingridge,Networking,Danell Rohlfs,Excellent
759,Natty Lammerich,Software Components,Nicki Pomroy,Poor
833,Link Culter,Cloud Platforms,Manfred McBay,Excellent
538,Murvyn Sloy,Networking,Livvy Snookes,Moderate
667,Ardella De Anesy,Typescript,Sharleen Goodinson,Good
549,Rickert Lenney,Javascript,Mimi Swatheridge,Good
753,Ernaline Gomez,Data Warehouse,Harv Heare,Excellent
433,Putnem Lenham,Cloud Platforms,Tad Pittet,Poor
426,Beauregard Rown,UI/UX(Figma),Roselia Gairdner,Excellent
801,Kristel Dorsey,OS,Lynnea Breitling,Moderate
304,Marleah Feighry,UI/UX(Figma),Walden Bulfit,Very Good
811,Mirna Bullin,Analytics & Reporting,Neel Klewer,Good
949,Mira Mc Grath,React JS,Jaclyn Jantzen,Excellent
714,Ula Poynzer,HTML&CSS,Bone MacDirmid,Moderate
401,Rurik Goodbourn,Analytics & Reporting,Van Kitchingman,Poor
401,Adiana Verbeek,Networking,Stillman Morpeth,Very Good
850,Cleopatra Domonkos,Cloud Platforms,Aldon Hedderly,Poor
309,Astra Rosel,QA,Maurita McCloch,Moderate
550,Kaiser Cuttin,UI/UX(Figma),Kristofor Queste,Moderate
642,Westley Bore,Data Warehouse,Blane Measham,Excellent
150,Miof mela MacBean,QA,Dorri Anwell,Good
761,Robinia Rembrant,Javascript,Ernesto Wivell,Good
874,Jamie Jaquest,Python,Vonnie Beaty,Excellent
608,Dorette Forbes,QA,Abner Eliff,Very Good
586,Hally Harvey,UI Path,Rosie Gooble,Very Good
719,Vasilis Aries,Power BI,Moyna Tourot,Moderate
259,Austin Turone,Javascript,Efrem Linnett,Excellent
293,Dilan Golby,Analytics & Reporting,Ginevra Jinda,Moderate
196,Sallyanne Crufts,HTML&CSS,Glendon Georgins,Excellent
425,Alford Welland,Networking,Rockey Cluckie,Excellent
574,Constance Varfolomeev,Data Warehouse,Doralynn Herrema,Very Good
878,Flem Shillom,UI Path,Coriss Cheney,Moderate
980,Jilleen Hadingham,DBT,Kissiah Hannabuss,Excellent
282,Meara Gissing,Power BI,Booth Motherwell,Good
295,Forster Van den Velden,OS,Michel Rewbottom,Excellent
379,Jeffrey Point,Python,Laney Baigrie,Good
52,Pegeen Garnsworthy,Analytics & Reporting,Yolanthe Gascard,Very Good
735,Tommi Grunguer,Javascript,Dynah Pingstone,Poor
377,Joline Troop,SQL,Gonzalo Barenski,Excellent
990,Sammie Riby,OS,Juana Norcross,Moderate
427,Haroun Marlowe,Web Scraping,Felix Mulvey,Moderate
930,Klement Rendle,Data Warehouse,Angeline Undrill,Moderate
753,Dinah Auger,UI Path,Anastasie Rockingham,Moderate
811,Amanda Moorton,Python,Camella Stonhouse,Poor
9,Antons Gladding,Git & Version Control,Cristal Grubb,Poor
610,Maggee Bunker,Python,Toddie Ludman,Very Good
300,Ibbie Brasner,Web Scraping,Roseanna Scurman,Poor
238,Jarrod Gumary,Data Warehouse,Donnell Gaines,Very Good
782,Christina Magee,UI Path,Grenville Gruczka,Very Good
555,Camellia Bryson,Javascript,Gabie Seaborne,Moderate
436,Lissy Linebarger,ADF,Rosemaria Bachura,Very Good
249,Aron Francisco,QA,Aubert Douris,Good
455,Rica MacDermot,Javascript,Lise Conachy,Good
38,Hamlen Seckington,HTML&CSS,Halley Whitty,Very Good
593,Maybelle Sibly,DBT,Boothe Chrisp,Excellent
15,Aggi Lightwood,Python,Thain Wyllcock,Very Good
773,Kaylee Snowman,HTML&CSS,Ferdinande Boreland,Good
103,James Riepl,QA,Fremont Rothschild,Moderate
802,Auberta Gourley,Cloud Platforms,Emmalyn Dosdell,Good
904,Kat Charrett,OS,Junette Luffman,Very Good
939,Annmaria Kinleyside,ADF,Nicky Snelman,Excellent
959,Karlen Whatling,React JS,Alex Murrum,Very Good
389,Matti McNabb,OS,Gipsy Eixenberger,Good
914,Ruperta Grishin,Data Warehouse,Leah Logsdail,Poor
491,Robinetta Whyborn,Software Components,Clemmie Ginie,Excellent
46,Melesa Shave,Cloud Platforms,Britney Parlot,Very Good
726,Marcelline Hambatch,Software Components,Christi Revett,Very Good
450,Jenda Wiles,Typescript,Verge Wratten,Very Good
358,Merline Denley,SQL,Jenny Sheards,Very Good
318,Alix Colaco,Power BI,Nappy Demkowicz,Poor
619,Kathy Mirfin,OS,Eddie Sherrocks,Good
3,Vanya Orrey,ADF,Dosi Berrick,Poor
201,Katalin Titcom,HTML&CSS,Channa Coom,Excellent
4,Una Jambrozek,Typescript,Ulick Newbery,Excellent
684,Susana Dellenbach,QA,Noni Bassham,Very Good
733,Morten Wernher,OS,Georgiana Geistmann,Good
693,Abbott Twinning,DBT,Mollee Jedraszczyk,Moderate
441,Evangeline Pahlsson,Power BI,Wash Sandyfirth,Poor
291,Krista Gerasch,Power BI,Harriett Sinkins,Poor
481,Zenia Toulson,Analytics & Reporting,Gordy Blencoe,Good
824,Shawn Dummett,Git & Version Control,Alika Jerosch,Poor
621,Romain Duffett,OS,Pearle MacLese,Very Good
768,Jan Jizhaki,Javascript,Tamiko Frammingham,Good
90,Morna Gewer,Power BI,Dulciana Alps,Good
557,Waldo Lightowlers,UI Path,Rodie Brosius,Excellent
706,Theodore Garbott,QA,Brody Brendel,Excellent
703,Tara Sergison,DBT,Bonni Thalmann,Very Good
318,Linet Dorning,Networking,Coriss Klaiser,Excellent
503,Mickey Chamberlin,Typescript,Rockie Megarry,Good
703,Alida Basini-Gazzi,Git & Version Control,Tori Enticott,Good
728,Charleen Horlock,OS,Madella Watkinson,Excellent
195,Gavra Keys,Cloud Platforms,Gavra Creighton,Very Good
993,Nobe Waylett,ADF,Prentiss Marking,Moderate
17,Opal Filppetti,React JS,Alexa Gimber,Very Good
926,Dani Whitelaw,UI Path,Shanan Thackwray,Excellent
929,Ulysses Jurgen,React JS,Emili Djuricic,Moderate
574,Kendall Stefi,DBT,Gil Randalston,Good
43,Korney Mandre,QA,Griffy Pyffe,Good
129,Bryn Minney,Python,Neysa Piesold,Excellent
367,Gal Daviddi,Networking,Tomasina Godthaab,Excellent
714,Ezmeralda Sarchwell,HTML&CSS,Sherry Ostrich,Good
749,Sibeal Dunn,HTML&CSS,Nadeen Foresight,Poor
337,Glendon Sygroves,Software Components,Danell Mardall,Good
825,Aleen Tilt,QA,Amaleta Izakovitz,Poor
701,Randi Swaffer,Power BI,Darsie Gready,Very Good
922,Erl Semens,Analytics & Reporting,Moishe Bending,Moderate
633,Evelin Espasa,Python,Maureen Shenfish,Moderate
476,Rena Thickin,Python,Trever Tonnesen,Excellent
538,Gustavo O'Kenny,UI Path,Raul Igoe,Excellent
289,Elsbeth Marchetti,Python,Truman Kleisle,Good
421,Charita Vokins,Power BI,Herschel Clears,Poor
811,Florian Hawson,HTML&CSS,Shane Bowcock,Moderate
536,Ilse Mardoll,Javascript,Bert Garner,Good
720,Roddy Sinney,Data Warehouse,Kylen McAirt,Excellent
500,Clara Risdale,ADF,Emmanuel Girodon,Very Good
407,Lexis Marqyes,Cloud Platforms,Marchall Nott,Good
852,Sue Sambrok,UI Path,Jamima Matherson,Poor
901,Phil Muckle,DBT,Calhoun Neising,Moderate
173,Pete Cauderlie,Javascript,Salomo Pheby,Good
524,Odell Staunton,UI Path,Flory Cuvley,Poor
876,Hyacinthe Corpe,Cloud Platforms,Dru Barlas,Excellent
446,Robinet Thormann,HTML&CSS,Silvan Roby,Poor
678,Gregorius Ellington,Networking,Aurea Hawkin,Good
934,Annabell Sinncock,Javascript,Anallese Keward,Poor
428,Ramsey Stebles,QA,Malory Proudler,Moderate
549,Sissie Santoro,UI/UX(Figma),Clementina Valentine,Moderate
562,Eustace Buick,Networking,Kassandra Gimlet,Moderate
684,Simeon Cassley,Python,Ashlie Neate,Moderate
331,Weston Lintill,Power BI,Conant Prene,Good
628,Elnora Brugh,Cloud Platforms,Luke De Meyer,Very Good
895,Rutledge Christiensen,Networking,Jackson Arsnell,Excellent
825,Lizette Hegel,Python,Cliff Everix,Very Good
390,Inez Branchett,ADF,Flori Ever,Very Good
133,Bianka Cockrem,QA,Des Dispencer,Moderate
262,Cristabel Robertelli,UI Path,Flossie Degli Antoni,Excellent
603,Jozef Tompsett,Data Warehouse,Charis Dumberell,Excellent
213,Brittany Hair,Software Components,Corinna Rubel,Very Good
271,Hobard Yakebowitch,DBT,Noell Faircloth,Excellent
332,Noelyn Prantoni,UI Path,Marlo Currm,Excellent
795,Dexter Salle,Software Components,Fifine Woodvine,Good
33,Abdul Jervois,Web Scraping,Janel Diggin,Poor
614,Abra Recher,Software Components,Carole Portriss,Good
937,Shanta Roffe,Javascript,Pennie Cartmel,Excellent
665,Lonni Bexon,UI/UX(Figma),Daryl Kivelhan,Good
976,Rita Cumming,Analytics & Reporting,Della Oen,Poor
383,Jamaal Hearsum,UI Path,Brigida Flood,Poor
502,Jemie Pittson,Power BI,Idette Boyton,Poor
69,Adelina Bradnam,ADF,Kessiah Cady,Moderate
953,Min Antyukhin,DBT,Kerrill Biddle,Moderate
93,Zea Cosgriff,Networking,Ilka Baskeyfied,Moderate
49,Claire Vlach,ADF,Shandeigh Grushin,Very Good
738,Richmound McKevin,ADF,Nikoletta Helder,Very Good
915,Creigh Sukbhans,Cloud Platforms,Gates Brocking,Excellent
87,Elihu Treharne,SQL,Joly Gatling,Moderate
830,Granny Casine,Web Scraping,Saidee Belsher,Very Good
245,Vail Monelle,OS,Rasia Pereira,Excellent
946,Rex Hopfer,ADF,Zita Karpenko,Moderate
937,Marj Bygrave,Web Scraping,Deb Cheese,Good
295,Edita Sidworth,Web Scraping,Ashton Coale,Poor
525,Evelyn Krzysztofiak,ADF,Arvy Aldcorn,Very Good
596,Daune Joncic,QA,Ruthann Stallwood,Moderate
612,Gwenneth Lorincz,ADF,Olwen Bassick,Very Good
288,Hayley Cleave,Software Components,Flynn Tracey,Very Good
812,Meg MacGillivray,React JS,Annnora Antosik,Very Good
623,Arnie Hogben,Analytics & Reporting,Carter Florio,Very Good
975,Halimeda Fedynski,Cloud Platforms,Morgana Cluse,Very Good
824,Leontine Blatchford,Python,Gratiana Grayne,Good
920,Agathe McIlwaine,Software Components,Nolan Wigzell,Excellent
379,Anton Rays,QA,Haydon Eltringham,Poor
724,Kanya Eastes,OS,Amandi Bogace,Poor
678,Rand Gittus,Typescript,Sherwood Wycherley,Very Good
900,Bartholomeo Haithwaite,UI Path,Lexine Cunio,Moderate
318,Mamie Carrington,ADF,Charlene Tebbitt,Poor
42,Melvin Androsik,Python,Lindsey Beveredge,Very Good
552,Janith Durdy,Software Components,Daniele Ogles,Excellent
327,Estevan Arnaez,UI/UX(Figma),Leola Abraham,Very Good
636,Tani Bodycote,OS,Spike Peach,Excellent
428,Sonni Eaddy,Git & Version Control,Wynnie Venard,Moderate
230,Clerc Lung,UI Path,Reinald Skypp,Moderate
624,Tommi Shivlin,Web Scraping,Latrina Gurdon,Good
76,Greg Mucklestone,ADF,Hodge Viccars,Moderate
584,Dugald Di Giacomettino,OS,Don Minci,Excellent
196,Juieta Waszczyk,Data Warehouse,Reinold Abethell,Poor
58,Tod Logue,ADF,Jeth Huertas,Poor
268,Rhea Hess,Data Warehouse,Roley Agglione,Poor
757,Ginny Lakeman,Cloud Platforms,Harmonie Telega,Poor
185,Bella Vaskin,Web Scraping,Gill Mace,Poor
468,Dory Border,Web Scraping,Mayer Routley,Excellent
691,Pete Minerdo,React JS,Herc MacGillivrie,Excellent
787,Kristi Gretton,Git & Version Control,Ulrick Laurentino,Very Good
372,Sammie L' Estrange,Typescript,Caitlin Damant,Excellent
337,Hestia Brickham,Python,Roderich McGready,Good
128,Crystie Finnick,Data Warehouse,Ferdinande Ibbitson,Very Good
339,Rochell Molesworth,ADF,Alexine Brimblecombe,Poor
215,Karin Mobberley,OS,Claretta Le Quesne,Moderate
630,Devan Braidley,DBT,Maire Zienkiewicz,Very Good
815,Atalanta Dungay,UI/UX(Figma),Tudor Giovanetti,Poor
538,Carrissa Morffew,Cloud Platforms,Lissy Cockin,Moderate
608,Joseito Vagges,Networking,Godwin Janowicz,Excellent
581,Bennie Kelso,Cloud Platforms,Ned Gaudin,Poor
342,Stevie Spiby,UI Path,Halsy Brastead,Good
249,Ambrosius Peter,Software Components,Scotty Broadway,Moderate
875,Sax Blues,ADF,Deb Ledster,Poor
894,Kassie Jelliman,QA,Marina Sayers,Very Good
302,Enrico Novichenko,HTML&CSS,Bennett Clash,Excellent
47,Bert Toun,UI/UX(Figma),Fredek Sawtell,Good
893,Wallis McGovern,Typescript,Marthe Swynley,Very Good
737,Tibold Domenichelli,Software Components,Patrizio Jendas,Moderate
298,Afton Ownsworth,Web Scraping,Reinaldos McKissack,Very Good
737,Arlinda Orford,UI/UX(Figma),Casandra Reilinger,Poor
531,Annamaria Dunphy,DBT,Galven Stanborough,Very Good
549,Marguerite Weadick,Git & Version Control,Aldrich Bugge,Moderate
373,Zitella Benneyworth,Javascript,Padraic Baron,Moderate
876,Mil Gowlett,Web Scraping,Roderich Fillery,Good
913,Beatrice Kop,React JS,Gerhard Flanders,Moderate
854,Wyndham Dudbridge,UI Path,Nanete Dollard,Poor
201,Gui Ricks,Git & Version Control,Ravid Peeke-Vout,Excellent
237,Burlie Traher,Git & Version Control,Harlie Alcorn,Poor
949,Sharia O'Fogerty,Web Scraping,Jesse Worswick,Moderate
657,Nada Pydcock,Networking,Enos Housiaux,Moderate
189,Oralia Slafford,Python,Dominique Cestard,Moderate
609,Lynnell Leve,UI Path,Giacopo Buesden,Excellent
951,Catherine Etock,React JS,Millicent Greener,Good
418,Eugenie Vigours,React JS,Paco Semper,Very Good
318,Hale Labro,Git & Version Control,Rolf Hagyard,Poor
262,Beverlie Bortolini,React JS,Cully Aronowicz,Excellent
872,Marchall Whelan,Web Scraping,Billie Olin,Good
805,Leonora Dalzell,Analytics & Reporting,Merry Charer,Excellent
926,Gert Holme,Power BI,Avigdor Binham,Excellent
384,Sheffie Pheasant,DBT,Jemimah Etter,Excellent
340,Burtie Dorie,QA,Zorine Harris,Very Good
44,Crissy Boddymead,Web Scraping,Jordan Hissie,Poor
319,Callie Blaschek,QA,Sebastian Hartlebury,Very Good
14,Tracee Falconbridge,Typescript,Rosalie Lindsley,Moderate
879,Issiah Pittendreigh,Python,Ambros Vayro,Very Good
644,Paula Probbing,Typescript,Wynn Hansmann,Excellent
386,Diannne Rogeon,Software Components,Ursuline Scibsey,Poor
279,Kingsly Lemmon,OS,Kelwin Kezourec,Good
589,Renaldo Chaimson,Data Warehouse,Thaine Filippucci,Poor
138,Alanson Cullin,Analytics & Reporting,Karen Blakelock,Poor
694,Prudy Blakiston,Typescript,Mamie Halwill,Good
38,Georgeta Fivey,Typescript,Tamara De Freyne,Very Good
342,Aldric Fairley,Python,Tomasine Tampen,Poor
654,Lisabeth Saice,ADF,Philippine Gronno,Excellent
425,Merwyn Ledger,React JS,Eveline Rimell,Poor
836,Francene Crookes,UI Path,Ekaterina Jurkowski,Good
138,Parnell Meeny,Data Warehouse,Saudra Allenson,Very Good
227,Rochella von Grollmann,Analytics & Reporting,Whitby Mulder,Good
877,Brodie Browne,UI/UX(Figma),Jase Guierre,Very Good
596,Mattias Brydone,Web Scraping,Aristotle Vertigan,Good
760,Ardene Moreno,UI/UX(Figma),Allie Lehon,Excellent
794,Gherardo Weymont,Typescript,Isa Furphy,Good
980,Jean Paulson,Data Warehouse,Calla Thieme,Moderate
354,Nikolaos Attrie,React JS,Susanne Ivanenkov,Poor
198,Antoinette Dutson,Typescript,Hermon Parkyn,Poor
370,Enrika Drinkhall,Web Scraping,Archie Courtenay,Good
875,Desmund MacKomb,Git & Version Control,Aldric Castanyer,Excellent
502,Hasty Perrone,Software Components,Bastien Bangs,Good
978,Ansell Whyke,React JS,Jasun Ginnety,Very Good
199,Jeth Nockells,React JS,Ripley Cushworth,Moderate
387,Rossy Lambourne,HTML&CSS,Dionisio Proffitt,Poor
589,Jorge Gheeorghie,UI/UX(Figma),Billye Pont,Good
551,Annabel Antognetti,Networking,Tiffi Withnall,Excellent
796,Francklin Stendall,OS,Deny Elton,Poor
837,Carlotta Cruxton,Software Components,Fonzie Bradshaw,Very Good
692,Chaddy Rudkin,UI Path,Madelina Jimmes,Very Good
736,Chanda Munkley,ADF,Joan Braune,Good
68,Bibbye Cartlidge,OS,Zonnya Plaxton,Poor
226,Joachim Kurdani,QA,Englebert Colvin,Poor
140,Trstram Waring,UI Path,Alexandr Sperski,Moderate
874,Yankee Leversha,UI/UX(Figma),Georgena Enden,Very Good
8,Seumas Millbank,Typescript,Karmen Eskrick,Good
31,Charmain Woodruffe,Software Components,Janette Geraud,Moderate
528,Tomlin Chaulk,React JS,Marsh Laver,Moderate
340,Patton Devitt,DBT,Gaile Adrien,Good
392,Jilleen Hasard,SQL,Jessy Brennand,Excellent
219,Alana Cayley,Software Components,Vivienne Predohl,Poor
763,Arda Howbrook,Git & Version Control,Jard Folliss,Excellent
363,Dalton Zamora,Networking,Alyss Horlick,Good
434,Courtnay Rennebach,SQL,Whitaker Colin,Excellent
144,Myrvyn Elwyn,Cloud Platforms,Marylinda Patters,Very Good
769,Virge Hunnisett,Cloud Platforms,Ana Goudy,Very Good
810,Nobie Avison,Typescript,Orton Moult,Good
268,Raimundo Alexander,React JS,Cathlene Scoone,Poor
218,Brice Grieveson,Power BI,Reinwald Seaborne,Poor
671,Jennette Trask,OS,Thurston MacLise,Very Good
348,Bryce Gercke,UI/UX(Figma),Sonnie Measey,Good
29,Agnes Stillert,Analytics & Reporting,Berget Bever,Good
73,Diane Robak,QA,Anderea Inchan,Very Good
881,Andrei Rosentholer,Networking,Reagan Esser,Good
483,Mala Hurdedge,ADF,Sophey Skerm,Poor
573,Lemuel Cappell,React JS,Georgiana Barthelemy,Poor
773,Heida Cocks,UI Path,Ancell Erley,Moderate
903,Marylin Bansal,React JS,Marian Giuron,Excellent
235,Christan Van De Cappelle,Software Components,Leupold Gammage,Poor
389,Arnoldo Bullimore,Power BI,Ambrosi Prendergrass,Excellent
337,Giavani Summerley,Networking,Carilyn Sobieski,Poor
718,Bobby Haselup,Web Scraping,Nahum Splaven,Very Good
875,Shelly Ridgwell,UI/UX(Figma),Lorilee Cavanaugh,Moderate
105,Jonathan Pettecrew,ADF,Ainslie Blackey,Good
817,Othilie Quail,OS,Gary Darrington,Good
778,Sutherlan Flattman,ADF,Rey McIlvaney,Poor
150,Jenine Goodisson,Power BI,Paddy Dodman,Poor
179,Court Headan,Software Components,Michel Eger,Moderate
760,Mariana Graalman,QA,Liam Merman,Poor
575,Ursola Biskup,React JS,Cly Grim,Excellent
498,Quintilla Scintsbury,Cloud Platforms,Camille Thebeau,Excellent
293,Tony Burston,Networking,Gorden Millington,Poor
125,Gwynne Duhig,DBT,Marris Eilers,Excellent
617,Jordan Haldin,Power BI,Fransisco MacKintosh,Very Good
91,Minerva Itzkov,QA,Leonore Darleston,Moderate
617,Ketti Alpin,UI Path,Saundra O'Driscoll,Moderate
69,Aron Dyne,Power BI,Tallou Klainman,Very Good
370,Mandi Johnigan,SQL,Nathan Lainge,Good
365,Maureene Cuffin,Python,Riane Ixor,Good
148,Kalle Willmott,Cloud Platforms,Gennifer Gostling,Excellent
723,Demetre Bowhey,DBT,Emmet Astbury,Excellent
712,Brenda Carlisso,QA,Meg Langton,Excellent
398,Tawsha Dulinty,Git & Version Control,Rhetta Muris,Poor
231,Billie MacEnelly,React JS,Nonah Popping,Poor
802,Albertina MacMichael,HTML&CSS,Ezmeralda Castri,Good
128,Cathrin Litzmann,Data Warehouse,Melody McIlvaney,Poor
998,Whitaker Marjanski,React JS,Tony Ketley,Very Good
243,Yovonnda Gamon,Typescript,Lindy Adamowitz,Very Good
631,Jessie Aslen,Cloud Platforms,Cris Knivett,Good
157,Carmel Tooting,SQL,Blondelle Fountain,Very Good
366,Forrest Soles,UI/UX(Figma),Bernhard Schulkins,Very Good
582,Mela McKmurrie,Software Components,Britte Enterlein,Very Good
984,Mabelle Ingold,UI/UX(Figma),Silvio Bromwich,Poor
136,Maye Icke,Networking,Royce Thorneloe,Good
33,Norine Frandsen,Power BI,Eimile Jiggle,Excellent
859,Nobie Derwin,React JS,Catha Debill,Poor
782,Augustine Blakes,Data Warehouse,Julie Wildman,Poor
66,Marthe Botten,HTML&CSS,Brinn Margrem,Good
780,Gilda Mathevon,Data Warehouse,Napoleon Mayell,Excellent
381,Trefor Thorne,UI Path,Lovell Azema,Excellent
263,Timmie Olivier,Software Components,Mateo Iacomo,Poor
139,Gloriana Petzolt,SQL,Jeniece Renish,Moderate
377,Syd Washbrook,OS,Kit McArt,Good
828,Gardiner Foard,React JS,Billy Tiddeman,Very Good
960,Mace Atack,OS,Craggie O'Donoghue,Excellent
604,Nichole Giacoboni,UI Path,Dore Pund,Very Good
528,Cece Eddison,Javascript,Kristoforo Rome,Moderate
803,Reina Errichelli,UI Path,Theresa Dalgliesh,Poor
490,Corena Korfmann,HTML&CSS,Christin Mulrooney,Poor
520,Sandie Sharnock,Python,Athene Tack,Moderate
227,Erena Espadero,React JS,Algernon Whipp,Moderate
163,Cesya Joiner,QA,Rebekah Headington,Excellent
173,Elisha McVittie,QA,Haslett Pabelik,Poor
516,Catha Schutze,OS,Conrad Alenshev,Very Good
135,Bobbee Wulfinger,Power BI,Napoleon Cadalleder,Poor
776,Matty Stroobant,Python,Jackelyn Binnion,Moderate
73,Baudoin Bogue,Git & Version Control,Roland Tomkinson,Very Good
36,Mora Ivashov,Software Components,Leslie Wethered,Moderate
283,Wainwright Smith,Power BI,Deeanne Pooley,Good
454,Nadine Lockart,Cloud Platforms,Elsa Cashmore,Poor
513,Almira Dockrey,React JS,Herbert Ninnis,Good
616,Freda Shimmin,Software Components,Bruis Novello,Good
156,Vina Cuddihy,Javascript,Hadley Velti,Poor
820,Dion Nossent,QA,Zackariah Overell,Poor
998,Guglielma Poxon,Software Components,Antonino Culkin,Moderate
640,Valencia Brunger,SQL,Connie Heiner,Poor
203,Jodi Haskett,Software Components,Lory Wrangle,Very Good
817,Fern Elsey,Cloud Platforms,Livia Fenelow,Very Good
206,Becky Finder,Analytics & Reporting,Diandra Lanfer,Moderate
621,Daron Bracer,Networking,Yolanthe Cartmale,Good
518,Griz Schurcke,SQL,Calv Gladhill,Moderate
783,Sybille Paulino,Data Warehouse,Herman Kilrow,Good
102,Ninette Troup,SQL,Myrwyn Prator,Poor
869,Kristal Trass,ADF,Dame Prandi,Moderate
836,Broddie Rapelli,Power BI,Leontyne Dykins,Good
887,Floria Rhoddie,SQL,Carmella Verrall,Very Good
554,Arni Will,Cloud Platforms,Elane Cadany,Moderate
705,Freemon Camili,SQL,Rhodia Glynne,Very Good
625,Rianon Peer,Data Warehouse,Chery McCorley,Excellent
230,Letizia Plastow,DBT,Averill Oaker,Good
758,Demetris Driscoll,Power BI,Logan Ciccottini,Good
887,Brendin Gadsden,Software Components,Adrianne Arni,Excellent
567,Cordi Manktelow,Data Warehouse,Thatcher Carlyle,Good
17,Hanni Summerley,Cloud Platforms,Dulcinea Baudy,Very Good
297,Cal Fincke,Javascript,Ivett Strang,Excellent
241,Lori Ofen,Analytics & Reporting,Randi Lanyon,Very Good
390,Frederich Lindup,Python,Pippy Pirdy,Poor
601,Richart Girdlestone,Git & Version Control,Mariellen Allchorn,Very Good
740,Art Domniney,Software Components,Sebastian Denecamp,Poor
111,Lonnie Righy,Cloud Platforms,Haily Franken,Moderate
634,Yolanthe Woehler,UI Path,Nicko Rosenwasser,Moderate
812,Bliss Enever,UI Path,Lonna Steane,Poor
210,Brandy Wensley,UI/UX(Figma),Eleonora Treble,Poor
688,Sile Probbing,ADF,Willey Curston,Good
664,Aarika Lassetter,Power BI,Cecilius Gaffon,Excellent
871,Brennan Burnsides,QA,Inna Judge,Excellent
45,Art Mattheissen,Javascript,Garek Vermer,Poor
273,Pamella Goretti,Power BI,Mace Venn,Poor
11,Tann Kermott,Cloud Platforms,Joyce Luard,Poor
382,Xever Maudson,Cloud Platforms,Sharla Doley,Good
914,Otis Voice,React JS,Lurlene Twyford,Good
980,Casar Impleton,React JS,Bernardo Sijmons,Poor
998,Maegan Vella,ADF,Jerry Du Pre,Poor
789,Anallese Swatheridge,Data Warehouse,Rickard Grayne,Excellent
283,Elvera Pountney,React JS,Matias Myford,Very Good
774,Janifer Bugby,Software Components,Juline Espine,Very Good
862,Odella Houldey,HTML&CSS,Jan Reary,Good
632,Erik Moreby,Python,Enos Anderer,Excellent
897,Hewett Gooder,Web Scraping,Julio Swapp,Very Good
74,Karoline Hubane,HTML&CSS,Neala Brehault,Very Good
316,Benedict Philippart,DBT,Brod Swait,Good
941,Leila Bernaldo,React JS,Fergus Whistlecraft,Good
94,Willabella Rous,ADF,Alyssa Noni,Poor
877,Barb Bicknell,React JS,Loralie Brixey,Moderate
838,Morgan Billham,Javascript,Mada Bushen,Very Good
892,Gardener Kightly,UI/UX(Figma),Sheilah O'Gorman,Very Good
452,Duffie Pattlel,Networking,Kipp O'Gormally,Good
694,Hardy Lipprose,UI Path,Marissa Burnhard,Moderate
622,Marje Scamp,Cloud Platforms,Frants Cherrie,Excellent
209,Juditha Ciabatteri,Networking,Austin Buttfield,Moderate
432,Kirstyn Ducker,DBT,Renault Clackson,Good
594,Chrotoem Derr,Data Warehouse,Elnora Asquith,Moderate
404,Jennica Brute,HTML&CSS,Noe Karpinski,Very Good
970,Silvan Shord,Analytics & Reporting,Germaine Aiskovitch,Excellent
178,Chiarra Dodle,Javascript,Sondra Cosgrave,Poor
570,Jazmin Mariotte,React JS,Burg Gowan,Moderate
863,Waldo Whapple,Typescript,Robby Arndell,Good
1,Leann Elam,Power BI,Bernardina Kilbee,Excellent
855,Aindrea Sever,Cloud Platforms,Thayne Danick,Excellent
293,Bendicty Searles,Analytics & Reporting,Renae Spaule,Moderate
986,Ivy Rishbrook,React JS,Judith Gelsthorpe,Good
80,Virgie Mingame,OS,Codi Lomb,Poor
815,Verene Starrs,QA,Mirna Ivashinnikov,Good
187,Donny Arch,Python,Merna Dressel,Poor
28,Rosita Zanettini,Typescript,Barnard Sandercock,Very Good
498,Erhart Sarfass,Analytics & Reporting,Vonnie Gypson,Poor
802,Jo-ann Feedham,SQL,Nate Daborne,Moderate
895,Cleveland McKnish,DBT,Elise Rubenfeld,Very Good
712,Arlee Eccleshall,UI/UX(Figma),Lorain Cavy,Moderate
164,Koralle Serle,Typescript,Daron Hagston,Good
187,Kathie Braunston,HTML&CSS,Ray Huddles,Very Good
156,Bailie Black,Power BI,Rinaldo Kolak,Very Good
668,Phillipe Jandera,Data Warehouse,Romola Pethrick,Poor
129,Nikaniki Tann,ADF,Anna-diane Cuddehay,Good
764,Ivar Rarity,Data Warehouse,Gibbie Panswick,Excellent
440,Merridie Poznanski,SQL,Emilie Bertomieu,Moderate
51,Cathrine Merrett,React JS,Hersh Lambard,Good
785,Kira Matzaitis,React JS,Tansy Willett,Poor
984,Mikael Enoksson,Web Scraping,Floria Scrauniage,Poor
828,Cello McIlharga,Python,Alessandro Nolot,Poor
608,Odie Nutkin,OS,Eden Rockliffe,Excellent
604,Berta Wagen,ADF,Tod Fassan,Excellent
538,Darbee Ramsell,Power BI,Ericka Haet,Very Good
669,Bertine MacAree,Analytics & Reporting,Margeaux Ellar,Moderate
955,Dominica Beades,Web Scraping,Charles Garrold,Good
854,Conchita Creed,UI/UX(Figma),Lennie Lindores,Excellent
861,Rodd Sleight,UI/UX(Figma),Sebastiano Gives,Excellent
941,Concordia Lacasa,QA,Yves Rolstone,Poor
814,Andriette Mellers,Javascript,Lonna Clohessy,Very Good
9,Romona Lown,Data Warehouse,Husain Sulland,Poor
450,Hy Petticrow,Cloud Platforms,Valentine Coleborn,Good
457,Josepha Ponton,Analytics & Reporting,Michaella Laffin,Poor
956,Nada Normington,SQL,Bette Rawes,Very Good
718,Leupold Tewes,Javascript,Porty Plak,Excellent
170,Annadiana Marklin,HTML&CSS,Farrel Lembcke,Excellent
428,Alleyn Selkirk,DBT,Kathe Bleasby,Excellent
869,Agatha Romans,React JS,Katharyn Hasloch,Excellent
914,Gothart Skipp,DBT,Sadie Highway,Moderate
291,Corty Campanelle,Cloud Platforms,Mari Muzzi,Good
328,Fritz Elsom,HTML&CSS,Theo Kyneton,Good
132,Ruthy Showen,Software Components,Malvina Azam,Excellent
663,Moses Cutbush,Git & Version Control,Isabeau Scarratt,Excellent
409,Edlin Skoyles,Typescript,Mirabelle Barker,Poor
691,Jemie Bard,Power BI,Lyn Bampford,Excellent
857,Dorice Haseman,UI/UX(Figma),Rowe Ciccone,Poor
287,Fernande Fransewich,Typescript,Domeniga Gudgen,Good
106,Harlan Postill,Javascript,Wood Riggott,Poor
919,Emile Mumberson,Javascript,Aeriell Portlock,Good
94,Sunny Brimilcome,Power BI,Bartie Severy,Very Good
793,Amalia Petras,HTML&CSS,Bianca Putland,Excellent
8,Linell Cromarty,Javascript,Page McAloren,Very Good
910,Abbey Benam,DBT,Ophelia Millington,Moderate
386,Silvana Roblett,Javascript,Tierney Barnaclough,Poor
258,Ron Kemish,ADF,Kaylee Parrott,Good
972,Gracie Stavers,Python,Em M'Chirrie,Moderate
512,Ronald Curner,Git & Version Control,Kermit Wakeman,Moderate
237,Pamella Baford,OS,Simone Hawket,Poor
337,Katharina Kemshell,Networking,Ileane Presshaugh,Excellent
593,Thor Loos,React JS,Brigitte Rebanks,Good
419,Carolynn Cucuzza,ADF,Saraann Coger,Good
843,Murvyn Suttling,SQL,Alis Fieldgate,Moderate
595,Lee Berkery,UI Path,Leanna Cardo,Good
335,Jared Gumery,OS,Keely Alan,Very Good
601,Anneliese Horder,Python,Yulma Meldon,Excellent
570,Corly Ellinor,Cloud Platforms,Gallagher Gourdon,Excellent
161,Ario Corhard,Power BI,Chevy Peteri,Good
576,Brandy Croose,Javascript,Tristan Moulson,Poor
107,Tara Mc Dermid,Power BI,Zaccaria Ciccotti,Very Good
304,Elysia Gretton,Cloud Platforms,Rickie Waltho,Poor
961,Cristine Jakeway,Analytics & Reporting,Kenneth Millions,Very Good
888,Cornelius Murley,Power BI,Johnath Visick,Excellent
747,Jessalyn Cockarill,Software Components,Jud Thornborrow,Good
110,Gal Stuttard,Javascript,Jaime Czadla,Good
989,Swen Halley,UI/UX(Figma),Goldia Silcox,Good
347,Kaitlin Farnfield,SQL,Fanchon Stenning,Poor
706,Ruddy Rampton,Analytics & Reporting,Charlotte Lindholm,Poor
865,Daune Willstrop,OS,Jammal Pryke,Very Good
441,Eugenie Verrier,Python,Koralle Liley,Excellent
717,Sileas Viccary,UI/UX(Figma),Blondy Schrir,Very Good
80,Aigneis Lucken,Data Warehouse,Gayelord Lowerson,Excellent
939,Artus Flay,DBT,Germain Tolworth,Moderate
78,Lane Vaissiere,Javascript,Florina De Domenico,Excellent
704,Coleen Mance,Cloud Platforms,Laina Grabiec,Very Good
445,Jarret Dermott,Git & Version Control,Giffer Belcham,Excellent
781,Scott Schulken,Data Warehouse,Giacobo Rumke,Good
984,Jule Isakovic,Typescript,Allx Balint,Poor
350,Carissa Kiddle,UI Path,Elissa Elias,Poor
100,Ellette Haibel,Git & Version Control,Philis Garbutt,Good
578,Gareth Halleybone,DBT,Chet Dauncey,Good
371,Arni O'Nolan,React JS,Minnnie Drakes,Excellent
928,Joanna Blaxley,Networking,Nils Bianco,Good
624,Jacenta John,UI Path,Malcolm Coultous,Moderate
316,Graehme Faiers,ADF,Angeli Snare,Moderate
653,Elsi Muff,ADF,Lorrin Stango,Poor
25,Field Wiffield,Typescript,Junie Crusham,Good
271,Chelsey Heardman,Typescript,Lamar Gleaves,Good
255,Philippa Tomaskunas,UI/UX(Figma),Ethe Tieraney,Very Good
888,Elsinore Coventry,Web Scraping,Coral Rush,Excellent
259,Calvin Essam,SQL,Bert Branford,Moderate
425,Selene Tidball,Software Components,Lucilia Aleksandrev,Poor
138,Karlotta Neil,UI/UX(Figma),Imojean Badrick,Poor
195,Bayard Esch,DBT,Annora Gowland,Poor
95,Gawain Cuthill,React JS,Elset Easson,Poor
472,Ringo Winterbottom,Data Warehouse,Cordelie Harnett,Good
9,Abey Rycraft,HTML&CSS,Abbe Norcutt,Moderate
689,Dari Saward,QA,Retha Winslet,Excellent
669,Berry Dowles,Data Warehouse,Pail Kinch,Moderate
588,Elset Crowcum,React JS,Liva Queree,Very Good
486,Kevan Kegg,QA,Rudiger St Quenin,Moderate
681,Meridith Davidsohn,OS,Bryce Shearston,Moderate
274,Boony Papez,Networking,Alene Hunday,Good
397,Giraldo Rabidge,Web Scraping,Wanda Fraine,Poor
478,Mirella Towler,Web Scraping,Merle Hendren,Poor
736,Zach Spenton,Networking,Etheline Jellis,Moderate
13,Andree Asple,Software Components,Siward Eadmeades,Poor
410,Lorianne Awty,OS,Holli Monshall,Moderate
310,Trixie Carlill,HTML&CSS,Giuseppe Lumsden,Excellent
345,Caryl Connal,UI Path,Hillyer Dockree,Good
578,Skippie Bendson,Power BI,Gustaf Coventon,Excellent
703,Bernelle Hillum,HTML&CSS,Patin Lambrechts,Very Good
590,Angel Castel,HTML&CSS,Sharona Gregoletti,Moderate
720,Mariana Scottesmoor,Cloud Platforms,Paton Roger,Excellent
734,Linzy Pallaske,Analytics & Reporting,Hal Schimpke,Excellent
92,Nancey Tetley,React JS,Norby Seaborn,Poor
718,Hunfredo Lembke,Data Warehouse,Sawyer Shellsheere,Moderate
663,Daniel Roch,Typescript,Anallise Menci,Moderate
332,Riki Yearne,Typescript,Ira Brampton,Good
270,Lexi Bracchi,Javascript,Star Viegas,Poor
61,Everard Greet,Data Warehouse,Gnni Sellor,Very Good
409,Barney Cockaday,Cloud Platforms,Sheffie O'Nowlan,Moderate
820,Chet Crux,QA,Jack Fessier,Poor
10,Mikkel Klimecki,Cloud Platforms,Cyndi Lebreton,Moderate
250,Carlos Albisser,QA,Kaylil Abrahim,Excellent
985,Jannelle Gavriel,UI Path,Charis Harmond,Good
234,Geoff Wackley,Typescript,Doris Ackred,Excellent
71,Starr Benda,ADF,Lek Jiruca,Good
157,Grace Fishbourn,React JS,Quillan Habeshaw,Very Good
831,Lucy Blything,Cloud Platforms,Dev Sharpous,Excellent
540,Alyse Filyaev,React JS,Devon Schwandermann,Very Good
998,Bryanty Ferie,Web Scraping,Kata Havard,Moderate
407,Ruddie Pattullo,Networking,Tucker Winterson,Excellent
734,Heinrik McCarron,DBT,Adina Jephcott,Excellent
692,Mommy Willavoys,Power BI,Ken Bour,Very Good
641,Franz Verey,ADF,Vivie Gligori,Excellent
791,Omar Abrey,Analytics & Reporting,Eldon Huffer,Excellent
358,Kelsey California,React JS,Fair Connow,Good
543,Milt Hertwell,Git & Version Control,Cordy Elmhirst,Poor
971,Brian Calverley,Cloud Platforms,Chan Eirwin,Good
795,Kaycee Basek,ADF,Karim Sleightholm,Moderate
312,Bancroft Dallaway,OS,Jesse Placide,Good
16,Afton Dimitrov,HTML&CSS,Katharine Armall,Moderate
286,Brock Ilymanov,UI/UX(Figma),Timotheus Cuttelar,Excellent
542,Standford Foggarty,QA,Idaline Stegers,Poor
820,Emili Hadlow,Git & Version Control,Rosemaria Lauderdale,Very Good
776,Hilde Paulillo,ADF,Cary Jaques,Excellent
625,Elli Larcier,Power BI,Laverna Bottell,Poor
481,Luce Sarl,HTML&CSS,Vivianne Gagg,Moderate
92,Wileen Fielden,Cloud Platforms,Hanni Beamish,Good
760,Sigmund Eich,Cloud Platforms,Deanne Bursnell,Moderate
245,Hollyanne Peddowe,UI/UX(Figma),Natalee Agate,Good
140,Delly Beardwell,UI/UX(Figma),Kennedy Thacke,Poor
747,Teddy McLaverty,Power BI,Letitia Dunbar,Excellent
57,Mathe Alywin,HTML&CSS,Tilda Stronough,Excellent
157,Ferris Labb,ADF,Erina Yosselevitch,Poor
555,Peria Skoof,ADF,Olivette Tarte,Moderate
658,Debby Barks,Cloud Platforms,Collen Mewhirter,Very Good
642,Kele Gronav,Typescript,Ingmar Fairhead,Moderate
372,Kaylil Spaight,SQL,Wyatan Pryor,Very Good
555,Courtnay Wemes,Typescript,Dominga Hartness,Very Good
113,Shalne McGarrie,Web Scraping,Stillmann Schindler,Moderate
440,Gretal Willden,Typescript,Orion Warmisham,Poor
486,Terrye McKirdy,QA,Elva McLeoid,Moderate
758,Rosemonde Leaney,Cloud Platforms,Worthy Twycross,Poor
274,Grethel Portman,Power BI,Kalindi Joslow,Moderate
947,Gonzalo De Metz,HTML&CSS,Ivette Quirk,Very Good
535,Herve Suffe,React JS,Kaylyn Dombrell,Good
937,Karim Follan,React JS,Chadd Abbots,Moderate
192,Tan Laden,Networking,Lucian Sertin,Moderate
782,Misty Beckson,OS,Yank Macveigh,Good
397,Doreen Hunnawill,OS,Reider Buer,Moderate
208,Lorri Drescher,React JS,Nolly Longfield,Excellent
784,Lilah Brear,QA,Marijn Bugge,Moderate
577,Genna Reims,Cloud Platforms,Maureen Pinnion,Poor
342,Farra Poytress,Javascript,Peirce de Lloyd,Good
842,Jude Cantor,React JS,Tedman Yandle,Moderate
958,Donny McCardle,Software Components,Ardyth Akitt,Moderate
135,Yanaton Maryon,Python,Montgomery Edgcombe,Very Good
271,Loella Sonschein,UI/UX(Figma),Thibaud Grassot,Excellent
991,Shirline Guswell,Javascript,Coop Dollard,Very Good
555,Elisa Riccardo,HTML&CSS,Latrina Markie,Moderate
992,Alberta Yakushkin,UI/UX(Figma),Freedman Camings,Poor
459,Ester Habershaw,Analytics & Reporting,Julietta Cuxon,Excellent
543,Mariejeanne Hamnet,Networking,Hulda Wibrew,Moderate
123,Katherine Haggeth,Typescript,Onfre Meo,Poor
975,Gasper Climie,React JS,Quincey Fronzek,Poor
804,Mikaela Masarrat,Analytics & Reporting,Deanna Blaik,Moderate
859,Galven Hassall,Typescript,Gay Chape,Moderate
919,Luella Mammatt,DBT,Lorelei Neasham,Excellent
569,Feliks Divell,Git & Version Control,Loise Buck,Moderate
22,Arlene Trigwell,Networking,Brandais Dobsons,Poor
26,Blakelee MacSweeney,Python,Maxy Lumsden,Excellent
807,Codi Lowbridge,Python,Rocky Duggleby,Very Good
865,Danette Aliberti,Networking,Tull Station,Moderate
263,Rosalinde Flewan,Cloud Platforms,Rosanna Sink,Good
900,Rand Filipyev,UI Path,Woodman Aspenlon,Poor
118,Delmer Mottini,UI Path,Verna Giacovelli,Excellent
531,Broderic Fritz,UI/UX(Figma),Zackariah Fevier,Moderate
223,Flem Costan,Javascript,Andie Husk,Moderate
17,Rana Whayman,Data Warehouse,Abigael Liggins,Moderate
305,Demott Skerritt,DBT,Evania Goney,Moderate
857,Elora Picopp,Power BI,Julienne Sturgeon,Very Good
713,Rab Tomankowski,DBT,Jackie Beed,Moderate
7,Decca Ellph,Data Warehouse,Linzy Stirton,Excellent
746,Symon Sherston,SQL,Tarrance Ramas,Excellent
473,Stoddard Vidloc,Python,Les Rendbaek,Poor
302,Cody Drinkall,Javascript,Walliw Heskey,Very Good
85,Gwendolin Hammerstone,React JS,Marrissa Point,Moderate
31,Barbey McDowall,Analytics & Reporting,Jacquette Rainger,Moderate
73,Dareen Skells,OS,Karina Di Lucia,Excellent
63,Ameline Golt,Power BI,Padraig MacPharlain,Poor
319,Delmar Kochlin,Networking,Andris Vickars,Very Good
727,Salli Stagge,Web Scraping,Sharlene Le Monnier,Good
296,Pier Pepperrall,ADF,Zachariah Fallen,Poor
917,Waring Darrigone,Git & Version Control,Wendi Greatorex,Moderate
190,Glenden Longmore,Git & Version Control,Inglebert Plott,Very Good
704,Pammi Luddy,Analytics & Reporting,Gaultiero Laba,Excellent
138,Penelope Splevin,Javascript,Jane Rotherforth,Good
502,Cinnamon Halahan,Analytics & Reporting,Ado Fleote,Very Good
357,Maribeth Itzig,Data Warehouse,Gussie Golt,Poor
267,Hanny Bowsher,Power BI,Maible Arkil,Moderate
718,Byran Tenby,Javascript,Oates Conor,Very Good
911,Lelia Cottee,Web Scraping,Hube Ausiello,Poor
44,Sax MacLoughlin,OS,Alasteir Lefley,Poor
301,Tymon Arrandale,Analytics & Reporting,Charleen Cheverell,Very Good
687,Noby Schoenrock,Typescript,Drusy Marklund,Poor
621,Bird Beadnall,DBT,Addison Lorent,Moderate
640,Joycelin Donalson,Data Warehouse,Opalina Rollings,Poor
948,Margarethe Maxworthy,Cloud Platforms,Cordula Molnar,Good
457,Clareta O'Sheils,UI/UX(Figma),Caritta Roderham,Poor
115,Noach Coultous,HTML&CSS,Maddie Acutt,Moderate
218,Lottie ffrench Beytagh,HTML&CSS,Lorna Wrankmore,Very Good
668,Patrizius Dumblton,Networking,Alexei Greenin,Very Good
114,Vivia Domengue,Power BI,Tommy Woodroof,Moderate
5,Monika Whitman,Power BI,Darcie Cockayme,Poor
603,Vivie Gready,Javascript,Lissy Spottiswoode,Moderate
143,Siward Wofenden,Python,Smith Blanpein,Poor
379,Bennie Feltham,Typescript,Filia Ranahan,Moderate
440,Grazia McGillivray,HTML&CSS,Lory O'Brallaghan,Very Good
98,Jerrome Ruddy,HTML&CSS,Carleen Choulerton,Excellent
872,Pablo Radborne,QA,Maximilian Ransfield,Very Good
987,Nelie Blackaller,React JS,Felicio Shewsmith,Very Good
521,Ainslee Goodbur,DBT,Farleigh Edgehill,Moderate
172,Emanuele Vaughn,DBT,Devan Crowth,Very Good
689,Karlie Elvish,Web Scraping,Mendel Cattini,Very Good
37,Jonas Dowry,Python,Spense Prewett,Good
418,Corinna Cramb,ADF,Torrance Stubs,Very Good
756,Alexine Lovewell,Javascript,Katheryn Bachanski,Very Good
568,Brendin Devoy,Cloud Platforms,Jonis Blacklidge,Excellent
977,Leanora Tuiller,Software Components,Melantha Buckney,Very Good
941,Ginelle McVaugh,ADF,Chev Quinlan,Good
53,Brigid Kilty,DBT,Quillan Gaw,Moderate
624,Starla O'Sharkey,Web Scraping,Hermia Stobart,Good
27,Kathi Clilverd,Networking,Jakie Verner,Poor
38,Cloe Ziebart,UI Path,Carena Antyukhin,Good
738,Aguste Totaro,Web Scraping,Clem Smethurst,Moderate
393,Hedi Nolton,Git & Version Control,Kiri Joblin,Excellent
488,Celesta Wilcocks,Power BI,Bertie Bettles,Good
57,Margret Kays,DBT,Catlaina Tassel,Moderate
541,Shae Snare,Data Warehouse,Barby Winridge,Excellent
748,Roi Aubrun,ADF,Tabby Kenan,Moderate
310,Roarke Heersma,Typescript,Gay Arenson,Moderate
676,Dulcea Stanger,UI/UX(Figma),Whittaker Guice,Excellent
321,Judas Devigne,Software Components,Madlin Small,Good
915,Bancroft Brodhead,Javascript,Lulita Abrahamson,Very Good
120,Allie Rivel,UI/UX(Figma),Jock Coleshill,Very Good
274,Hoyt Dominguez,Javascript,Lovell Medland,Poor
837,Barri Kiss,Git & Version Control,Ford Bruhnicke,Excellent
467,Constantino Adamski,Python,Emilie McKoy,Very Good
16,Bernie Seabrocke,UI Path,Danika Thomas,Poor
305,Collen Chaldecott,Typescript,Virgil Parlatt,Moderate
929,Town Gulland,UI Path,Addison Smallridge,Good
851,Stanislaus Salkeld,Data Warehouse,Verge Shevill,Excellent
647,Allsun Tiffney,Software Components,Alberik Aickin,Excellent
496,Reg Phelips,Typescript,Lucias Litt,Excellent
31,Desirae Saffe,DBT,Brent Stoop,Excellent
789,Poppy Batchelar,Networking,Enoch Goley,Good
793,Jayme Tampen,Javascript,Xever McEnteggart,Moderate
456,Abba Mazdon,Cloud Platforms,Ludovika Ivison,Very Good
871,Doti Bendan,SQL,Trixie Jiggen,Moderate
772,Kele Clow,Javascript,Susanna Edmondson,Good
231,Joyous Gamon,Analytics & Reporting,Becca Lilly,Good
801,Benoite Bateson,Networking,Giralda Dunsmuir,Moderate
310,Tatum Hubbert,UI Path,Grier Ruegg,Poor
640,Quinn Yurevich,DBT,Parnell Crankshaw,Poor
310,Field Melbury,Networking,Dasha Winear,Good
967,Herrick Axby,Git & Version Control,Evelyn Dowderswell,Excellent
853,Mechelle Lehrer,Python,Klement Osipenko,Good
56,Abagael Domney,Javascript,Jewell Heinel,Good
772,Fenelia Rooze,Data Warehouse,Nikita Kalkofen,Poor
374,Bev Giaomozzo,SQL,Lethia Hounihan,Excellent
263,Myrta Corkish,Web Scraping,Prinz Lerego,Excellent
28,Jenica Tutt,Python,Alvinia Girdler,Excellent
578,Valdemar Collimore,Networking,Mayne Flaubert,Excellent
748,Polly Kersting,ADF,Annalee Haily,Moderate
739,Norry Sealeaf,UI Path,Trina Perche,Moderate
328,Linn Fonzo,Power BI,Chrystel Brasier,Poor
665,Aksel Eggins,DBT,Milty Di Biagi,Moderate
295,Piper Rockcliff,Analytics & Reporting,Jerrilyn Rowswell,Very Good
936,Maisey Iczokvitz,Cloud Platforms,Velma Hakking,Poor
20,Nadia Darbey,Javascript,Davida Clemont,Good
867,Frasco Zanazzi,DBT,Dominick Clemmen,Moderate
805,Harlene Stivani,Typescript,Jessica Bestar,Moderate
218,Mitch Caldwell,Data Warehouse,Karen Cobbin,Moderate
851,Travis Beades,React JS,Callie Turner,Good
486,Ricoriki Ferraron,Analytics & Reporting,Rickard Booeln,Poor
67,Jerrilee Janoschek,React JS,Adham Cattroll,Moderate
866,Nathanil Ranyard,OS,Minerva Morat,Very Good
231,Renae Colclough,Web Scraping,Rosabella Gulleford,Good
238,Duffie Daudray,React JS,Trix Smythin,Good
632,Agretha Reidshaw,Python,Inness Derx,Very Good
334,Glyn Watling,Power BI,Merilyn Korlat,Poor
