id,TrainingName,TrainingDate,TrainingStartTime,TrainingEndTime,TrainerName,ScheduledBy,ScheduledTo,t_id,ModuleCompletion
130,Typescript,19-03-2023,10:43 AM,5:12 PM,Xymenes Pauls,Courtenay,Intern,7,643
380,UI/UX(Figma),29-11-2022,10:16 AM,5:19 PM,Tobie Grimsdith,Emalee,Intern,14,520
184,OS,14-11-2023,10:45 AM,5:46 PM,Beverlee Lachaize,Haroun,Intern,7,190
702,Web Scraping,14-01-2024,9:41 AM,5:41 PM,Nita Cuniam,Vincent,Intern,8,838
84,Javascript,03-10-2023,9:16 AM,5:50 PM,Ardis Shalders,Fletcher,Intern,3,753
424,Web Scraping,07-08-2022,10:38 AM,5:48 PM,Mariam Toomey,Ronni,Intern,13,95
168,Typescript,13-08-2023,9:44 AM,5:34 PM,Tara Bascomb,Frasco,Intern,4,766
626,Git & Version Control,21-11-2022,10:25 AM,5:45 PM,Jacky Muscat,Paige,Intern,2,501
411,Analytics & Reporting,11-03-2023,9:20 AM,5:39 PM,Kalli Fearneley,Angelica,Employee,1,168
182,ADF,27-06-2023,10:25 AM,5:55 PM,Rosamund Lynnitt,Marylou,Intern,8,490
626,SQL,10-05-2023,9:37 AM,5:19 PM,Thom Coudray,Pavel,Intern,2,68
677,Git & Version Control,22-01-2023,10:23 AM,5:49 PM,Rod Douris,Andeee,Employee,16,828
957,Python,22-10-2022,10:11 AM,5:21 PM,Frank Christmas,Flinn,Intern,10,343
650,Analytics & Reporting,01-02-2023,9:32 AM,5:32 PM,Marius Kitto,Elayne,Employee,12,53
168,DBT,06-05-2023,10:21 AM,5:16 PM,Berni Gorghetto,Euell,Intern,6,341
116,Typescript,25-01-2023,9:45 AM,5:59 PM,Darius Brabin,Ronni,Employee,4,373
408,Javascript,08-08-2023,9:25 AM,5:19 PM,Avril Cribbin,Grady,Intern,10,22
840,React JS,04-08-2023,9:25 AM,5:11 PM,Wallis Degoix,Jaime,Employee,11,829
461,DBT,17-08-2023,9:24 AM,5:34 PM,Magda Dury,Devora,Employee,13,163
272,Cloud Platforms,02-04-2023,9:21 AM,5:30 PM,Lenore Boulding,Winona,Intern,13,291
449,Software Components,12-10-2023,10:04 AM,5:02 PM,Ramonda Jone,Cortie,Employee,13,232
447,DBT,27-02-2024,9:07 AM,5:56 PM,Robby Buske,Loren,Intern,11,80
868,Software Components,27-09-2022,9:20 AM,5:40 PM,Verena Tuckie,Kaela,Intern,5,420
677,Power BI,15-10-2022,9:15 AM,5:44 PM,Sander Fearnyhough,Maureen,Intern,6,638
515,QA,20-03-2023,10:41 AM,5:28 PM,Dorena Fowgies,Leonardo,Intern,10,784
182,React JS,03-11-2022,10:18 AM,5:44 PM,Bettina Adamowicz,Kristo,Intern,16,160
306,Networking,27-02-2024,10:55 AM,5:30 PM,Gabi Wasiel,Karel,Intern,12,605
533,HTML&CSS,10-03-2024,9:49 AM,5:54 PM,Shellie Tillyer,Cindie,Intern,5,40
957,Web Scraping,23-01-2024,9:11 AM,5:57 PM,Valeda Kilroy,Alexa,Intern,7,10
537,Networking,15-03-2023,10:08 AM,5:30 PM,Ilario Brogi,Jessica,Employee,1,52
294,UI Path,21-04-2022,10:48 AM,5:54 PM,Maggy Poynser,Manfred,Intern,8,84
411,Software Components,24-09-2022,9:32 AM,5:57 PM,Haley Arens,Ebba,Employee,17,577
130,OS,23-11-2023,10:49 AM,5:48 PM,Christine Goolden,Ola,Intern,5,48
509,Analytics & Reporting,13-05-2023,10:18 AM,5:51 PM,Yulma Kezourec,Zach,Employee,3,309
414,HTML&CSS,11-11-2022,10:27 AM,5:46 PM,Lula Haffner,Zared,Employee,15,496
405,Web Scraping,14-10-2023,10:08 AM,5:05 PM,Esteban Thrussell,Inna,Intern,1,515
988,UI/UX(Figma),01-09-2022,10:05 AM,5:05 PM,Aubrie Back,Nonah,Intern,8,822
957,Typescript,11-08-2022,10:34 AM,5:39 PM,Linc Byer,Zared,Intern,15,672
788,Cloud Platforms,18-11-2022,9:28 AM,5:24 PM,Cale Abba,Mathe,Intern,8,569
48,SQL,15-06-2023,10:12 AM,5:52 PM,Greg Roney,Moyna,Intern,9,664
408,Software Components,22-01-2023,10:51 AM,5:15 PM,Tannie Geraldez,Carmelina,Intern,16,415
181,Git & Version Control,31-10-2022,10:55 AM,5:50 PM,Adele Reffe,Guillaume,Employee,4,801
411,Power BI,08-03-2024,9:08 AM,5:56 PM,Teresina Rzehorz,Haskell,Employee,13,171
81,React JS,02-09-2023,9:04 AM,5:06 PM,Saba Braybrookes,Staford,Intern,4,572
240,ADF,16-12-2022,10:11 AM,5:16 PM,Wilbert Meany,Zared,Intern,6,525
743,QA,30-11-2023,9:13 AM,5:43 PM,Peyter Kristoffersson,Lorenza,Intern,6,126
873,Javascript,24-01-2023,10:33 AM,5:28 PM,Marcelle Ferrierio,Tait,Employee,13,480
501,Power BI,18-07-2023,10:31 AM,5:43 PM,Lark Greste,Kirstin,Intern,10,176
411,Web Scraping,10-09-2023,9:48 AM,5:45 PM,Abbye Monini,Cassey,Intern,1,480
891,Networking,15-11-2022,10:05 AM,5:11 PM,Costanza Hatley,Gregg,Intern,2,485
261,Analytics & Reporting,29-05-2023,9:58 AM,5:51 PM,Yuma Nussgen,Gertrudis,Intern,11,318
479,React JS,27-01-2024,9:16 AM,5:47 PM,Evy Jeakins,Bax,Intern,2,180
261,Networking,08-09-2023,10:14 AM,5:50 PM,Hatty Johnikin,Wade,Intern,3,117
501,Cloud Platforms,16-10-2022,10:40 AM,5:02 PM,Elwin Rought,Ewen,Employee,1,13
59,QA,27-02-2024,10:37 AM,5:15 PM,Kristina Grugerr,Natalina,Employee,13,536
437,Git & Version Control,08-08-2023,10:51 AM,5:19 PM,Aluino Graddell,Mathe,Intern,8,128
168,React JS,27-04-2023,9:25 AM,5:47 PM,Alexandre Willowby,Gilligan,Intern,12,69
84,React JS,11-11-2023,10:27 AM,5:05 PM,Sofia Durston,Leonardo,Employee,7,716
260,Analytics & Reporting,01-04-2023,10:00 AM,5:43 PM,Yalonda Youens,Kaela,Intern,6,216
39,Analytics & Reporting,27-06-2022,9:07 AM,5:38 PM,Bel Mapstone,Pierre,Intern,11,461
505,Javascript,28-01-2024,9:46 AM,5:57 PM,Teriann Broske,Gustav,Intern,5,790
197,Power BI,25-01-2023,9:38 AM,5:53 PM,Jeffrey McCane,Vonni,Employee,17,533
605,React JS,28-06-2023,10:09 AM,5:40 PM,Isac Quigg,Stephana,Employee,4,663
996,UI Path,12-12-2023,9:12 AM,5:42 PM,Derrik Thrasher,Ronni,Intern,3,292
168,DBT,08-01-2023,9:42 AM,5:06 PM,Belvia Raw,Edi,Intern,6,785
559,Software Components,19-06-2022,9:33 AM,5:27 PM,Etan Elldred,Devora,Intern,7,685
32,DBT,07-03-2023,9:14 AM,5:35 PM,Tove Bompass,Georgy,Intern,7,471
181,Javascript,18-05-2023,10:56 AM,5:06 PM,Creight Lardner,Jaime,Employee,6,235
652,Analytics & Reporting,06-09-2022,9:25 AM,5:14 PM,Alford Pothergill,Elayne,Intern,8,542
424,Web Scraping,29-12-2022,9:57 AM,5:54 PM,Lonnard Locard,Karel,Intern,4,525
462,DBT,09-09-2022,9:06 AM,5:51 PM,Flori Kellock,Zach,Intern,6,281
988,QA,17-09-2023,10:57 AM,5:49 PM,Donny Albasini,Moyna,Intern,7,687
224,Software Components,15-01-2023,10:51 AM,5:21 PM,Trumaine Willcot,Libbey,Intern,15,606
285,UI/UX(Figma),12-10-2023,9:41 AM,5:32 PM,Henryetta Dodson,Wade,Intern,17,387
702,ADF,09-10-2022,9:51 AM,5:30 PM,Bonita Dickons,Gretal,Employee,10,257
72,Python,16-02-2023,10:48 AM,5:38 PM,Aili Filipov,Stephana,Intern,6,701
969,Web Scraping,30-08-2022,10:04 AM,5:45 PM,Donny Ghirigori,Gilligan,Intern,2,246
364,Typescript,31-03-2023,10:51 AM,5:32 PM,Romeo Lemery,Leonardo,Employee,14,508
627,Git & Version Control,15-05-2023,9:27 AM,5:03 PM,Myca Keddey,Traci,Intern,6,680
626,Networking,06-01-2023,9:45 AM,5:30 PM,Wilfred Gasquoine,Ebba,Intern,14,782
902,HTML&CSS,17-06-2022,9:20 AM,5:42 PM,Orton Kleinstein,Jourdan,Intern,4,676
299,Python,22-07-2023,9:01 AM,5:21 PM,Marilee O'Fogarty,Sonny,Intern,1,248
777,ADF,31-10-2023,10:58 AM,5:18 PM,Douglas Godfroy,Alexa,Intern,12,297
969,UI/UX(Figma),03-02-2023,9:35 AM,5:08 PM,Randy Loyndon,Ki,Intern,10,342
645,Python,06-05-2022,9:00 AM,5:20 PM,Jabez Legges,Stephana,Intern,6,304
605,ADF,08-07-2023,10:06 AM,5:07 PM,Dionisio Kilgrove,Gretal,Intern,4,166
232,Power BI,22-06-2022,10:06 AM,5:01 PM,Danyette Aynold,Zach,Employee,9,747
447,Cloud Platforms,24-04-2022,9:40 AM,5:00 PM,Charin Muge,Riley,Intern,14,220
921,Python,07-04-2023,9:11 AM,5:36 PM,Elihu De Castri,Ricky,Intern,8,293
743,HTML&CSS,22-02-2023,9:17 AM,5:34 PM,Lindsey Harkins,Anastassia,Intern,13,669
48,Software Components,15-11-2022,10:07 AM,5:43 PM,Roxy Fitzroy,Stanly,Employee,2,245
933,DBT,12-05-2023,10:07 AM,5:04 PM,Kacy Linch,Carma,Intern,3,817
559,Typescript,21-09-2022,9:36 AM,5:47 PM,Michael Hakonsen,Leonardo,Intern,12,148
479,Git & Version Control,24-06-2022,10:26 AM,5:13 PM,Margie Waplington,Cindie,Intern,12,498
221,Software Components,13-06-2022,9:01 AM,5:34 PM,Beau Cobbold,Traci,Intern,14,540
902,Web Scraping,23-08-2022,9:30 AM,5:54 PM,Lanie Drewet,Kermie,Intern,4,52
908,Git & Version Control,15-11-2022,10:33 AM,5:17 PM,Marchall Challenger,Mathe,Intern,16,4
996,Python,25-08-2022,9:35 AM,5:34 PM,Remington Spatari,Sallyanne,Intern,17,836
272,DBT,14-02-2023,9:46 AM,5:04 PM,Peria Maybery,Vevay,Intern,11,748
424,ADF,21-11-2022,10:56 AM,5:59 PM,Kaitlyn Huddleston,Wade,Intern,12,783
39,QA,22-08-2023,9:58 AM,5:52 PM,Erasmus MacSkeagan,Riley,Intern,2,807
611,Networking,31-01-2023,10:17 AM,5:53 PM,Nataline Balloch,Elayne,Intern,12,113
645,QA,30-09-2022,10:53 AM,5:23 PM,Angelique Scruby,Ki,Intern,2,152
509,React JS,06-07-2023,9:16 AM,5:02 PM,Reade Cool,Lorie,Intern,13,18
406,Web Scraping,26-07-2022,9:13 AM,5:52 PM,Filberto Culkin,Zared,Intern,12,364
380,Power BI,06-01-2024,10:04 AM,5:35 PM,Orsa Gildea,Filberto,Employee,15,71
461,Git & Version Control,20-09-2022,9:03 AM,5:55 PM,Gwenora Persence,Mildrid,Intern,4,846
652,Git & Version Control,31-12-2022,9:38 AM,5:21 PM,Julee Buddell,Des,Intern,7,578
775,Python,04-09-2023,9:34 AM,5:20 PM,Mercie Harpin,Fletcher,Intern,6,506
962,ADF,06-12-2022,9:46 AM,5:21 PM,Nisse Medhurst,Cortie,Intern,9,494
497,DBT,17-09-2022,9:54 AM,5:30 PM,Fan Smolan,Marnia,Intern,17,90
613,OS,11-06-2023,10:27 AM,5:52 PM,Antonietta Coopland,Elisabetta,Employee,2,811
777,UI Path,30-07-2022,10:36 AM,5:06 PM,Jacinta Donhardt,Cassey,Intern,13,349
182,UI Path,13-12-2022,9:47 AM,5:36 PM,Lesli Fido,Kaela,Intern,8,761
54,Analytics & Reporting,26-09-2023,10:07 AM,5:27 PM,Ebonee Sibthorp,Hunfredo,Intern,16,146
116,UI/UX(Figma),26-10-2022,9:17 AM,5:27 PM,Randie Farrear,Ricky,Intern,12,226
19,OS,03-10-2023,10:13 AM,5:28 PM,Anders Mewton,Sonny,Employee,9,188
406,Cloud Platforms,17-02-2023,10:25 AM,5:40 PM,Julius Dullard,Jania,Intern,4,826
997,Git & Version Control,01-02-2023,9:27 AM,5:00 PM,Aurlie Colloff,Nicolette,Intern,12,573
81,QA,30-12-2022,9:49 AM,5:05 PM,Allyn Lanahan,Kermie,Intern,15,370
506,Power BI,24-12-2022,9:47 AM,5:13 PM,Dunn MacNish,Shawnee,Intern,13,361
868,HTML&CSS,01-04-2023,10:34 AM,5:12 PM,Libbi Ranscombe,Nicky,Intern,16,783
84,SQL,29-07-2023,9:46 AM,5:08 PM,Willamina Rigard,Stephana,Intern,16,266
380,Software Components,07-01-2024,9:49 AM,5:03 PM,Arielle Brennand,Natalina,Intern,1,784
260,UI Path,23-12-2023,10:38 AM,5:05 PM,Brigid Pettingall,Douglas,Intern,3,89
474,Software Components,06-09-2022,9:29 AM,5:40 PM,Erl Gwinnett,Bartholomeus,Intern,12,529
182,Analytics & Reporting,02-04-2023,10:28 AM,5:27 PM,Jamie Eykel,Junie,Employee,14,230
995,Software Components,14-08-2023,10:44 AM,5:53 PM,Ervin Liebmann,Courtenay,Intern,8,94
197,Networking,21-09-2022,9:45 AM,5:03 PM,Fionna Gray,Bertrando,Intern,17,287
645,React JS,31-12-2022,9:08 AM,5:11 PM,Ariana Davsley,Corrina,Employee,4,731
650,Git & Version Control,22-02-2024,10:54 AM,5:45 PM,Brianne Davoren,Evelin,Employee,9,688
55,Power BI,05-11-2023,9:26 AM,5:24 PM,Lida Bools,Gardy,Intern,13,287
611,DBT,29-12-2023,10:55 AM,5:06 PM,Anson Belshaw,Mildrid,Intern,9,596
162,Cloud Platforms,11-02-2024,10:45 AM,5:28 PM,Oswell Allsebrook,Kurt,Intern,6,647
559,React JS,09-01-2024,9:51 AM,5:37 PM,Julianna Cessford,Colene,Intern,15,184
964,Python,26-04-2022,10:01 AM,5:51 PM,Vin Eck,Janet,Intern,11,126
509,Python,07-07-2022,10:51 AM,5:57 PM,Salomone Pownall,Cassey,Intern,7,223
197,DBT,10-07-2023,9:59 AM,5:37 PM,Kikelia Sealeaf,Devora,Employee,3,505
962,Software Components,02-11-2022,10:43 AM,5:21 PM,Bartholemy Haylock,Ilaire,Intern,11,373
317,HTML&CSS,07-10-2022,10:51 AM,5:07 PM,Glynnis Rocca,Anastassia,Employee,6,687
968,SQL,14-08-2022,9:10 AM,5:16 PM,Yoshi Peyntue,Thorin,Intern,8,77
193,Cloud Platforms,18-10-2022,10:49 AM,5:17 PM,Leia Allam,Coraline,Intern,9,617
284,QA,14-08-2022,10:58 AM,5:34 PM,Mikol Gatheral,Nicolette,Intern,8,387
997,React JS,29-01-2024,10:40 AM,5:07 PM,Lilyan Rumney,Hernando,Intern,1,642
788,QA,27-07-2023,10:59 AM,5:25 PM,Allan Vaud,Audrye,Intern,10,304
925,Typescript,28-03-2024,10:12 AM,5:55 PM,Rhona Cartin,Pierre,Intern,16,720
777,Power BI,25-01-2024,10:32 AM,5:00 PM,Trixi Alexandrou,Bartholomeus,Employee,10,748
155,Python,07-11-2022,10:00 AM,5:52 PM,Salomo Calvard,Eugenia,Intern,13,656
447,UI Path,12-04-2022,10:41 AM,5:58 PM,Gerek Winslade,Paige,Employee,14,424
626,ADF,12-04-2023,10:23 AM,5:43 PM,Lenka Blesli,Guillaume,Intern,6,593
380,UI Path,07-12-2022,9:55 AM,5:35 PM,Bo Gynne,Des,Intern,17,604
19,HTML&CSS,16-02-2023,10:30 AM,5:08 PM,Hinda Wasylkiewicz,Staford,Intern,15,819
462,React JS,08-07-2022,9:13 AM,5:12 PM,Collin Shaw,Edi,Employee,13,44
50,Python,06-09-2023,9:11 AM,5:53 PM,Charmion Monkley,Andeee,Intern,17,433
155,UI/UX(Figma),13-01-2024,9:07 AM,5:50 PM,Cherilyn Extill,Berky,Intern,10,110
662,QA,03-10-2022,9:20 AM,5:37 PM,Amara Minter,Cassey,Intern,8,371
493,QA,15-05-2022,9:48 AM,5:08 PM,Blair Howells,Marylou,Intern,12,482
19,SQL,31-03-2024,10:36 AM,5:58 PM,Fanni Ivanchov,Audrye,Intern,5,40
827,OS,26-05-2022,9:04 AM,5:39 PM,Olly Scandroot,Loren,Intern,9,836
743,Analytics & Reporting,20-01-2023,9:34 AM,5:20 PM,Krishna Raimbauld,Germain,Employee,3,591
405,UI Path,14-01-2024,9:12 AM,5:49 PM,Lizzy Menaul,Ronni,Intern,5,280
232,Cloud Platforms,20-08-2023,10:12 AM,5:13 PM,Chelsie Di Baudi,Devora,Intern,2,278
788,UI/UX(Figma),21-12-2022,9:27 AM,5:03 PM,Fabian Castagna,Gardy,Intern,5,838
908,QA,02-04-2023,9:15 AM,5:45 PM,Ugo Husthwaite,Ferdinanda,Intern,9,3
284,HTML&CSS,28-05-2022,9:48 AM,5:26 PM,Hyacintha Weedon,Hernando,Intern,6,510
650,Analytics & Reporting,15-07-2022,9:10 AM,5:19 PM,Fletcher Brusby,Ebba,Intern,10,769
821,OS,27-02-2024,9:33 AM,5:58 PM,Clywd Ingerson,Junie,Intern,17,121
59,React JS,05-05-2023,10:20 AM,5:16 PM,Emmaline Eyer,Ola,Intern,4,271
443,ADF,30-12-2023,9:28 AM,5:19 PM,Dawna Bernardini,Courtenay,Intern,16,630
996,Power BI,13-01-2023,9:12 AM,5:44 PM,Violet Dockrey,Carmelina,Employee,13,566
396,Javascript,02-05-2023,10:56 AM,5:22 PM,Berk Gudyer,Ebba,Employee,17,350
232,ADF,22-03-2024,9:33 AM,5:08 PM,Rourke Sherville,Ki,Intern,4,463
707,Git & Version Control,17-11-2022,10:54 AM,5:56 PM,Demetrius Mathiassen,Haskell,Intern,7,26
200,Javascript,17-04-2023,10:14 AM,5:01 PM,Leigha Kalinowsky,Chere,Intern,6,541
650,UI Path,06-12-2023,9:04 AM,5:08 PM,Liuka Stobart,Manfred,Employee,8,347
509,Power BI,20-01-2023,10:44 AM,5:01 PM,Colet Blazi,Georgy,Intern,3,643
48,DBT,15-12-2022,9:38 AM,5:26 PM,Lucky Maydway,Fidela,Intern,8,520
515,Typescript,10-09-2022,10:43 AM,5:25 PM,Bonnibelle Barnard,Grady,Employee,16,333
75,Git & Version Control,03-03-2024,10:06 AM,5:13 PM,Meyer Wyche,Kirstin,Intern,17,49
995,UI/UX(Figma),25-07-2023,9:39 AM,5:31 PM,Barby Dwire,Audrye,Intern,4,47
627,React JS,02-12-2022,10:56 AM,5:14 PM,Jerry Trasler,Mathe,Intern,15,596
925,Power BI,10-10-2022,9:37 AM,5:07 PM,Samson Haldin,Jania,Intern,13,859
607,SQL,03-07-2023,10:02 AM,5:09 PM,Katharine Warboy,Thorin,Intern,6,825
408,Software Components,08-06-2023,9:44 AM,5:49 PM,Luke Dewbury,Radcliffe,Employee,7,664
224,UI/UX(Figma),07-12-2023,10:50 AM,5:42 PM,Modestia Maysor,Karel,Employee,5,294
333,React JS,19-10-2022,9:17 AM,5:31 PM,Bentlee Eslemont,Bax,Intern,1,750
868,OS,17-01-2024,10:08 AM,5:37 PM,Earlie Steventon,Andeee,Intern,13,681
674,Javascript,20-03-2023,10:52 AM,5:12 PM,Fielding Savil,Traci,Intern,7,374
463,ADF,21-12-2022,9:03 AM,5:31 PM,Marlin Gaskoin,Haskell,Intern,8,597
81,Python,16-11-2022,10:05 AM,5:43 PM,Kylen Scotting,Moyna,Employee,13,485
423,Typescript,15-03-2024,10:14 AM,5:56 PM,Ryon Gasgarth,Flinn,Intern,16,737
969,Data Warehouse,02-08-2022,10:45 AM,5:22 PM,Sherill Sussems,Sallyanne,Employee,4,352
359,QA,24-02-2023,10:33 AM,5:46 PM,Mercy Lagen,Riley,Intern,11,613
868,Git & Version Control,05-04-2023,10:16 AM,5:32 PM,Randi Sumsion,Andeee,Intern,12,66
497,Typescript,26-08-2022,9:28 AM,5:09 PM,Hyman O'Farrell,Vonni,Employee,16,570
200,Typescript,31-01-2023,9:18 AM,5:08 PM,Sofia Bawden,Fidela,Intern,3,703
261,Javascript,11-01-2024,10:20 AM,5:23 PM,Alfie Kopec,Coraline,Intern,1,429
84,OS,02-12-2022,9:17 AM,5:48 PM,Sorcha O'Doohaine,Belle,Intern,8,218
79,Networking,25-08-2022,9:16 AM,5:21 PM,Clay Collyns,Zach,Intern,12,324
83,Cloud Platforms,26-10-2022,9:14 AM,5:42 PM,Margarette Coatsworth,Ferdinanda,Intern,2,652
449,HTML&CSS,28-04-2022,10:11 AM,5:41 PM,Skipton Hitcham,Moss,Intern,7,308
232,HTML&CSS,07-10-2022,9:12 AM,5:37 PM,Bertram Agiolfinger,Winona,Employee,2,716
324,ADF,05-06-2022,10:41 AM,5:08 PM,Irena Churches,Devora,Intern,1,192
50,Javascript,06-11-2022,9:28 AM,5:21 PM,Genvieve Ocheltree,Ebba,Intern,12,50
200,SQL,12-11-2022,9:24 AM,5:53 PM,Paco Kirwin,Jackqueline,Intern,3,820
364,HTML&CSS,08-12-2023,9:56 AM,5:29 PM,Debbi Lightbowne,Flinn,Intern,3,752
32,UI Path,08-05-2022,10:42 AM,5:01 PM,Otho Jobin,Guillaume,Intern,7,603
497,Web Scraping,07-02-2024,9:01 AM,5:42 PM,Christoph Rowlstone,Staford,Intern,6,120
462,UI Path,18-12-2022,9:47 AM,5:42 PM,Zandra Churchouse,Rina,Intern,11,473
182,Python,20-10-2023,10:11 AM,5:09 PM,Rafael Herche,Emalee,Intern,6,354
423,UI/UX(Figma),10-11-2023,10:45 AM,5:36 PM,Liv Villaron,Euell,Intern,15,120
193,Git & Version Control,21-02-2023,10:25 AM,5:39 PM,Maximilianus Stellino,Burk,Intern,16,481
54,Data Warehouse,28-04-2022,10:11 AM,5:02 PM,Nestor Dybald,Berky,Intern,7,597
942,QA,10-10-2022,10:08 AM,5:10 PM,Chanda Beetlestone,Evelin,Intern,12,422
497,Git & Version Control,06-08-2023,10:22 AM,5:17 PM,Lauree Brou,Natalina,Employee,9,470
380,Cloud Platforms,31-07-2023,9:09 AM,5:52 PM,Leonelle Kinghorn,Winona,Intern,1,719
788,Git & Version Control,26-07-2022,9:23 AM,5:12 PM,Esther Geeves,Shane,Intern,6,582
158,DBT,06-10-2022,10:39 AM,5:19 PM,Joseito Rowter,Carmelina,Intern,6,479
890,Power BI,13-04-2022,9:43 AM,5:43 PM,Christi Scain,Ki,Intern,17,624
414,HTML&CSS,08-02-2023,9:31 AM,5:34 PM,Jesus Pershouse,Vonni,Intern,13,164
988,OS,27-01-2023,9:23 AM,5:19 PM,Bald Stife,Anastassia,Intern,3,259
81,Javascript,26-05-2023,10:52 AM,5:03 PM,Emilio Shepherdson,Courtenay,Intern,13,540
311,ADF,11-07-2023,10:40 AM,5:09 PM,Ursulina Barr,Maryl,Intern,11,338
182,Javascript,26-04-2023,9:40 AM,5:57 PM,Hal Hanna,Germain,Employee,7,68
84,Typescript,01-09-2022,9:05 AM,5:20 PM,Del Eustace,Nils,Intern,3,668
70,Web Scraping,26-09-2023,10:42 AM,5:25 PM,Roxy Espinay,Stephana,Intern,4,818
868,Cloud Platforms,22-02-2024,9:43 AM,5:11 PM,Becka Maccrie,Ricky,Intern,5,525
707,Software Components,17-04-2023,9:59 AM,5:56 PM,Harriot Whooley,Alexa,Intern,7,125
72,DBT,06-03-2023,10:24 AM,5:27 PM,Romain Saunder,Chere,Intern,17,79
197,OS,12-11-2022,9:38 AM,5:40 PM,Bernadene MacGill,Burk,Intern,12,763
130,Software Components,06-12-2022,9:29 AM,5:49 PM,Lisetta Caldroni,Carma,Intern,13,331
988,Analytics & Reporting,07-05-2022,9:55 AM,5:02 PM,Ansel Branca,Cindie,Intern,10,745
505,UI/UX(Figma),01-01-2024,10:35 AM,5:58 PM,Paquito Patise,Shawnee,Employee,12,331
506,Typescript,15-10-2023,10:44 AM,5:55 PM,Gaylene Ecclestone,Ola,Intern,7,809
424,Web Scraping,17-08-2022,9:25 AM,5:39 PM,Francis Custed,Gretal,Intern,7,65
889,Data Warehouse,17-01-2023,9:11 AM,5:44 PM,Carmella Vest,Haskell,Intern,13,768
792,React JS,23-03-2024,10:38 AM,5:34 PM,Kurt Roseveare,Stanly,Intern,3,194
224,Analytics & Reporting,07-02-2023,10:23 AM,5:19 PM,Karlyn Hachard,Jourdan,Intern,11,752
299,ADF,10-11-2022,10:04 AM,5:00 PM,Dacie Gasken,Cassey,Employee,7,99
333,React JS,19-03-2023,9:36 AM,5:55 PM,Ashely Harlett,Cindie,Intern,9,516
605,DBT,01-11-2022,10:32 AM,5:04 PM,Lucy Phair,Jobye,Intern,8,814
474,Python,05-11-2023,9:56 AM,5:01 PM,Cosme Seebright,Kurt,Intern,8,154
898,Cloud Platforms,14-08-2022,10:29 AM,5:33 PM,Babs Guerola,Moyna,Intern,3,193
898,Data Warehouse,11-01-2023,9:45 AM,5:02 PM,Derk Carmont,Mattias,Employee,6,859
909,Data Warehouse,11-12-2022,10:18 AM,5:48 PM,Merle Piechnik,Eugenia,Employee,16,39
777,Cloud Platforms,31-05-2022,10:30 AM,5:32 PM,Arlie Youd,Cindie,Employee,14,273
627,UI/UX(Figma),22-02-2024,9:00 AM,5:06 PM,Benjie Mixture,Gertrudis,Intern,11,179
627,UI/UX(Figma),24-10-2022,9:01 AM,5:39 PM,Karlie Yabsley,Mildrid,Intern,15,563
827,ADF,13-10-2022,10:44 AM,5:13 PM,Horatius Fowles,Fidela,Intern,6,206
968,Power BI,22-06-2022,9:37 AM,5:46 PM,Stanislaus Murrhardt,Audrye,Intern,9,108
116,Git & Version Control,15-10-2023,10:27 AM,5:04 PM,Hester Goroni,Bax,Intern,6,533
898,UI/UX(Figma),09-05-2022,10:06 AM,5:27 PM,Philippa Hambric,Fletcher,Intern,4,802
200,HTML&CSS,02-08-2022,9:10 AM,5:04 PM,Octavia Bouchard,Haskell,Intern,15,255
777,Networking,24-10-2022,9:49 AM,5:31 PM,Tana Merrigan,Vevay,Intern,11,454
193,Power BI,28-07-2023,10:16 AM,5:19 PM,Stern Skevington,Filberto,Intern,4,463
224,HTML&CSS,10-10-2023,9:05 AM,5:16 PM,Valry Wolvey,Maryl,Intern,13,571
443,Python,02-09-2023,10:24 AM,5:57 PM,Teodor Waycott,Cassey,Employee,15,532
662,Cloud Platforms,31-10-2022,10:19 AM,5:49 PM,Gerardo Kittley,Marylou,Intern,16,857
797,Javascript,22-05-2022,10:58 AM,5:28 PM,Tomas Wickwar,Jaime,Employee,6,647
324,React JS,19-06-2022,10:59 AM,5:59 PM,Charmain Rhelton,Kyla,Employee,4,418
424,SQL,05-12-2023,9:07 AM,5:08 PM,Brunhilde Wedderburn,Radcliffe,Intern,9,648
171,UI/UX(Figma),26-05-2023,9:58 AM,5:12 PM,Keary Salle,Zared,Intern,17,699
827,QA,12-01-2024,9:07 AM,5:07 PM,Isabella Huriche,Toiboid,Employee,11,512
537,Javascript,14-09-2022,9:33 AM,5:46 PM,Inesita Matthiesen,Fletcher,Intern,17,141
497,ADF,07-07-2022,10:18 AM,5:45 PM,Nadya Martynikhin,Mathe,Intern,1,265
841,UI Path,29-09-2022,9:25 AM,5:31 PM,Colette Warrior,Haroun,Intern,16,267
997,Analytics & Reporting,25-02-2023,9:06 AM,5:52 PM,Dorey Rignall,Zach,Intern,16,775
260,QA,18-10-2023,9:43 AM,5:05 PM,Daryle Farahar,Paige,Intern,15,528
463,Python,10-08-2023,10:47 AM,5:03 PM,Ode Bagworth,Vincent,Intern,1,758
224,Web Scraping,20-06-2023,9:41 AM,5:50 PM,Fredra Lorentz,Kermie,Intern,16,787
232,ADF,19-10-2023,10:55 AM,5:12 PM,Hartwell Trinbey,Ilaire,Intern,15,204
474,Power BI,04-07-2022,10:34 AM,5:14 PM,Hailey Batistelli,Germain,Intern,2,607
952,Python,29-05-2023,9:08 AM,5:43 PM,Alvina Killwick,Lorenza,Intern,9,736
50,SQL,25-12-2022,10:55 AM,5:41 PM,Benedetto Collyns,Toiboid,Intern,12,235
260,Cloud Platforms,17-03-2024,10:56 AM,5:24 PM,Thea Joncic,Rosamund,Employee,15,453
284,Cloud Platforms,12-01-2024,9:09 AM,5:43 PM,Bette Nisot,Flinn,Intern,14,298
182,SQL,10-03-2023,9:39 AM,5:55 PM,Ramon Wildman,Mathe,Intern,9,683
902,Data Warehouse,27-11-2023,10:41 AM,5:46 PM,Lissi Milkins,Paulina,Employee,15,36
423,OS,07-10-2023,9:56 AM,5:45 PM,Holt Huws,Hunfredo,Intern,10,824
474,Python,04-07-2023,10:46 AM,5:39 PM,Mar Corkell,Michaelina,Employee,14,799
168,Analytics & Reporting,22-01-2023,10:05 AM,5:02 PM,Leonelle MacMenamin,Mildrid,Intern,10,215
285,Cloud Platforms,26-09-2023,10:07 AM,5:41 PM,Quill Ludron,Ewen,Intern,3,333
515,OS,13-10-2023,10:14 AM,5:45 PM,Levin Kleine,Cindie,Intern,1,23
933,UI/UX(Figma),26-03-2024,10:24 AM,5:12 PM,Oliy Gitthouse,Jobye,Intern,17,841
50,ADF,02-10-2023,9:53 AM,5:17 PM,Kass Splain,Andeee,Employee,15,595
272,Typescript,15-05-2023,9:45 AM,5:22 PM,Lelia Gouldthorp,Nicolette,Intern,3,298
827,Data Warehouse,16-06-2022,9:31 AM,5:56 PM,Rosa Sharnock,Bax,Intern,12,35
396,Javascript,31-12-2023,9:37 AM,5:24 PM,Cristi Aistrop,Ricky,Intern,6,305
777,Python,29-07-2022,9:58 AM,5:15 PM,Sal Shorto,Kristo,Intern,4,833
501,DBT,25-04-2023,10:53 AM,5:14 PM,Maria Kleynermans,Nils,Intern,3,628
462,OS,24-01-2024,9:05 AM,5:20 PM,Darsie Snelgar,Lynde,Intern,5,660
898,HTML&CSS,26-02-2023,9:05 AM,5:59 PM,Cliff Scotchbourouge,Stephana,Intern,1,114
891,React JS,24-02-2024,10:51 AM,5:30 PM,Nefen Deathridge,Berky,Intern,16,311
261,Typescript,11-12-2022,9:01 AM,5:23 PM,Lenore Pinniger,Bartholomew,Intern,9,121
509,ADF,18-04-2023,10:56 AM,5:12 PM,Dev Ferris,Guillaume,Intern,17,688
168,Power BI,10-02-2023,9:59 AM,5:22 PM,Rafferty Prettjohn,Moyna,Employee,12,480
899,Git & Version Control,27-07-2023,10:03 AM,5:21 PM,Belita Barthrop,Cindie,Employee,2,65
797,QA,17-04-2023,10:33 AM,5:05 PM,Tandy Di Meo,Pavel,Intern,6,179
380,Analytics & Reporting,25-03-2023,10:29 AM,5:54 PM,Ravi enzley,Douglas,Intern,14,121
479,Web Scraping,29-08-2022,10:21 AM,5:24 PM,Dolf Hammerich,Kristo,Intern,2,530
79,UI Path,27-06-2023,10:42 AM,5:05 PM,Merrile Delieu,Gregg,Intern,6,532
968,React JS,27-01-2024,10:20 AM,5:20 PM,Kore Riccelli,Jessica,Intern,5,567
605,React JS,21-08-2022,9:09 AM,5:41 PM,Wolfgang Gustus,Devan,Intern,15,805
424,Typescript,15-01-2024,10:58 AM,5:00 PM,Nadean Pudney,Pavel,Intern,15,372
55,Cloud Platforms,01-11-2023,10:49 AM,5:40 PM,Meredithe Charley,Johnette,Intern,8,855
437,Networking,29-11-2022,10:14 AM,5:57 PM,Janice Dugald,Stanly,Intern,9,691
638,ADF,20-02-2023,10:20 AM,5:53 PM,Florry Duckit,Leonardo,Intern,14,810
240,UI Path,03-08-2023,9:03 AM,5:53 PM,Emile Ballendine,Stanly,Intern,14,369
55,Data Warehouse,04-02-2023,9:10 AM,5:09 PM,Willette Prettyjohns,Haroun,Intern,6,776
995,OS,05-12-2023,10:33 AM,5:27 PM,Kym Fancott,Moss,Intern,7,140
463,Typescript,21-06-2022,9:16 AM,5:09 PM,Andie O' Finan,Nicky,Employee,3,765
942,SQL,01-08-2023,10:38 AM,5:46 PM,Odey Degoix,Fergus,Intern,9,470
408,QA,03-01-2024,10:58 AM,5:57 PM,Gerda Denisovich,Staford,Intern,14,813
272,Analytics & Reporting,16-05-2022,9:05 AM,5:29 PM,Phip Rodolico,Alexa,Employee,14,340
130,Git & Version Control,07-07-2022,9:30 AM,5:17 PM,Lacie Henrichs,Gregg,Intern,17,21
182,React JS,27-01-2023,10:59 AM,5:05 PM,Martynne Jeandin,Vincent,Intern,2,818
964,Software Components,08-11-2023,9:36 AM,5:20 PM,Lisbeth Heaslip,Andeee,Intern,8,82
952,ADF,01-09-2022,9:47 AM,5:04 PM,Tallou Ducrow,Stephana,Intern,5,233
514,Web Scraping,23-03-2024,9:07 AM,5:30 PM,Kip Hartil,Staford,Intern,11,734
890,ADF,13-03-2023,9:15 AM,5:14 PM,Nerti Vasichev,Bartholomew,Intern,14,684
493,Data Warehouse,18-03-2024,9:48 AM,5:05 PM,Lucretia Jeannesson,Stanly,Intern,5,184
59,Javascript,05-03-2023,9:17 AM,5:33 PM,Ezekiel Pietruschka,Nonah,Intern,16,292
889,Javascript,24-08-2023,10:20 AM,5:12 PM,Stillman Juanes,Frasco,Employee,16,725
479,Typescript,22-08-2022,9:37 AM,5:04 PM,Charmane Gridley,Staford,Employee,13,407
943,Git & Version Control,24-01-2024,10:55 AM,5:28 PM,Osbourne Gaudon,Pierre,Intern,3,633
414,Software Components,15-03-2023,10:17 AM,5:15 PM,Delinda Bridel,Zach,Intern,8,788
650,Data Warehouse,24-11-2022,9:29 AM,5:23 PM,Sibylle Son,Ricky,Employee,1,631
533,Power BI,07-01-2023,9:27 AM,5:41 PM,Flori Twelvetree,Jourdan,Intern,5,247
171,Analytics & Reporting,07-05-2023,10:53 AM,5:47 PM,Peyter Kubach,Douglas,Employee,16,412
359,Data Warehouse,18-10-2022,10:53 AM,5:59 PM,Cory Scatchar,Euell,Intern,14,588
509,Python,03-01-2023,10:29 AM,5:08 PM,Addy Stepto,Ebba,Intern,5,798
461,Cloud Platforms,25-01-2023,10:51 AM,5:58 PM,Balduin Cakebread,Gretal,Intern,8,763
873,QA,14-09-2022,9:15 AM,5:28 PM,Seth Alvaro,Germain,Employee,4,257
116,UI Path,28-09-2022,10:28 AM,5:04 PM,Rollins Bartlomiejczyk,Belle,Employee,5,330
605,Power BI,22-02-2024,9:19 AM,5:20 PM,Pail Luce,Nicolette,Employee,3,484
79,HTML&CSS,06-10-2023,10:06 AM,5:20 PM,Aldrich Pavia,Peirce,Intern,3,470
232,Python,01-08-2023,10:21 AM,5:33 PM,Rosaline Powlett,Shawnee,Intern,13,851
638,Data Warehouse,26-12-2023,10:20 AM,5:03 PM,Inger Collinette,Ola,Intern,10,49
260,OS,12-10-2023,10:18 AM,5:02 PM,Alyda Pencost,Gertrudis,Intern,3,155
925,QA,05-04-2023,10:04 AM,5:20 PM,Dorris Bartoletti,Stanly,Employee,2,36
982,Typescript,15-04-2023,10:57 AM,5:35 PM,Garret Grieswood,Jobye,Employee,17,132
902,Python,17-06-2023,10:11 AM,5:55 PM,Ninon Gonthard,Colene,Intern,14,313
509,ADF,30-11-2022,9:45 AM,5:10 PM,Jackie Humberstone,Evelin,Intern,16,29
983,QA,13-01-2024,9:43 AM,5:53 PM,Luci Jefferys,Euell,Employee,11,662
84,Analytics & Reporting,08-11-2022,9:09 AM,5:35 PM,Nesta Loukes,Ewen,Intern,4,414
479,Software Components,24-02-2024,10:10 AM,5:47 PM,Tressa Curry,Fletcher,Intern,16,733
626,Web Scraping,09-07-2023,10:24 AM,5:37 PM,Hedwig Etherson,Mildrid,Employee,16,356
908,UI/UX(Figma),20-10-2023,10:18 AM,5:46 PM,Nefen Whiffen,Kaela,Intern,5,550
743,Cloud Platforms,25-06-2023,9:43 AM,5:37 PM,Erastus Weildish,Jourdan,Employee,12,64
359,Javascript,04-11-2022,10:40 AM,5:05 PM,Melli Coggen,Nicolette,Intern,2,654
638,Web Scraping,26-11-2023,10:13 AM,5:16 PM,Robina Selwood,Ola,Intern,2,362
487,Data Warehouse,26-11-2023,10:37 AM,5:05 PM,Chad Vivash,Georgy,Employee,5,640
83,Power BI,15-05-2023,9:45 AM,5:21 PM,Hyacinthia MacNish,Carmelina,Intern,11,722
333,Git & Version Control,16-11-2023,10:43 AM,5:25 PM,Holden Bruffell,Bertrando,Intern,3,389
662,Typescript,17-01-2023,10:12 AM,5:17 PM,Park Wortt,Colene,Employee,4,471
777,SQL,12-10-2023,10:43 AM,5:43 PM,Annalee Strathearn,Libbey,Employee,13,650
788,Web Scraping,31-07-2023,10:44 AM,5:59 PM,Gael Harden,Zared,Intern,14,218
827,Python,26-09-2023,10:58 AM,5:12 PM,Hendrika Tapner,Flinn,Employee,1,671
462,Software Components,02-03-2024,10:36 AM,5:06 PM,Lauri Jenner,Shawnee,Intern,9,814
969,UI Path,16-07-2023,10:47 AM,5:44 PM,Tommy Biasi,Maureen,Intern,2,542
909,Git & Version Control,04-10-2022,10:03 AM,5:21 PM,Cristobal Semmens,Gardy,Intern,12,458
969,Analytics & Reporting,12-01-2023,9:53 AM,5:35 PM,Magdalen Gask,Leonie,Employee,13,528
743,Web Scraping,13-10-2022,10:05 AM,5:11 PM,Christean Kerfod,Gregg,Intern,17,805
406,Analytics & Reporting,10-01-2024,10:07 AM,5:23 PM,Trixi Denyukhin,Edi,Employee,16,255
40,Python,22-01-2023,10:12 AM,5:44 PM,Trixi Hardwicke,Jourdan,Employee,17,293
59,React JS,08-12-2022,9:11 AM,5:11 PM,Bryce Schulken,Bartholomeus,Intern,13,67
197,Power BI,13-04-2022,10:19 AM,5:52 PM,Friederike Aughtie,Angel,Intern,9,96
921,Data Warehouse,22-03-2023,10:19 AM,5:50 PM,Lilli Rosellini,Wade,Intern,10,267
424,HTML&CSS,20-11-2022,10:14 AM,5:48 PM,Johna Yallop,Karel,Intern,10,605
996,Analytics & Reporting,07-10-2022,9:32 AM,5:13 PM,Wylma Faragan,Haskell,Intern,2,445
171,Git & Version Control,15-07-2023,10:58 AM,5:56 PM,Alis Canadine,Haskell,Intern,5,180
702,SQL,29-02-2024,9:18 AM,5:52 PM,Booth Holdren,Wade,Intern,8,675
54,HTML&CSS,27-10-2023,9:16 AM,5:28 PM,Allie Horning,Marylou,Intern,6,431
83,Analytics & Reporting,26-12-2022,10:10 AM,5:04 PM,Rhett Bursell,Natalina,Employee,6,260
607,DBT,10-08-2023,10:08 AM,5:45 PM,Linet Gyves,Loren,Employee,1,541
70,React JS,14-10-2023,10:16 AM,5:49 PM,Deloria Vlasin,Shawnee,Intern,1,407
515,Git & Version Control,01-06-2022,10:44 AM,5:27 PM,Burg Shoveller,Jobye,Intern,9,627
957,Software Components,22-09-2023,10:32 AM,5:05 PM,Titus Scrogges,Peirce,Employee,8,407
311,Networking,09-12-2022,10:56 AM,5:20 PM,Janis Fulloway,Cortie,Intern,1,679
40,Analytics & Reporting,25-11-2023,10:48 AM,5:19 PM,Lissa Neubigin,Stanly,Intern,7,383
613,UI/UX(Figma),08-04-2023,10:33 AM,5:01 PM,Webb Brend,Libbey,Intern,10,34
324,Networking,11-06-2022,9:13 AM,5:55 PM,Jehanna Cohan,Kyla,Intern,4,228
506,Git & Version Control,24-02-2024,9:06 AM,5:59 PM,Nolan Benzies,Maurene,Employee,6,642
841,Git & Version Control,03-06-2023,10:35 AM,5:36 PM,Nara Boardman,Traci,Intern,14,387
982,DBT,11-09-2022,10:27 AM,5:50 PM,Dannie Mahoney,Maryl,Employee,15,859
193,React JS,05-08-2023,9:42 AM,5:13 PM,Annalee Boldt,Lynde,Intern,11,600
50,OS,01-06-2022,9:35 AM,5:04 PM,Norene Brehat,Antonietta,Intern,15,76
406,Web Scraping,15-06-2022,10:28 AM,5:11 PM,Isis Lathey,Mattias,Employee,13,721
396,ADF,04-10-2023,9:10 AM,5:29 PM,Rodney Jeggo,Junie,Employee,1,249
285,Cloud Platforms,28-06-2023,10:58 AM,5:07 PM,Maggi Kunneke,Haroun,Intern,17,750
260,Javascript,17-02-2024,9:36 AM,5:29 PM,Netta Shane,Emalee,Intern,2,459
983,Git & Version Control,21-08-2022,10:53 AM,5:32 PM,Ignace Kahn,Gardy,Intern,1,625
613,DBT,06-09-2023,10:34 AM,5:26 PM,Peri Cannaway,Natalina,Employee,14,587
171,DBT,04-10-2022,10:26 AM,5:37 PM,Veronica Fenton,Grady,Intern,7,827
184,Analytics & Reporting,22-08-2023,10:29 AM,5:55 PM,Bibby Stopforth,Gretal,Employee,9,189
505,DBT,01-04-2023,9:42 AM,5:34 PM,Lek Seine,Coraline,Intern,3,857
414,SQL,20-10-2022,10:37 AM,5:44 PM,Nataniel Kleynen,Haskell,Intern,17,753
162,Git & Version Control,08-02-2023,9:56 AM,5:24 PM,Tabitha Vango,Riley,Intern,2,7
261,ADF,01-11-2023,9:30 AM,5:49 PM,Carlen Bann,Zared,Intern,10,523
224,Data Warehouse,16-05-2022,10:53 AM,5:16 PM,Rosella Matevosian,Elisabetta,Intern,1,528
447,React JS,18-10-2023,10:01 AM,5:55 PM,Killie Sellner,Elayne,Intern,9,470
299,UI/UX(Figma),23-08-2023,9:47 AM,5:26 PM,Barron Ferrierio,Haskell,Intern,14,290
995,React JS,22-08-2023,10:29 AM,5:09 PM,Irita Alexandre,Antonietta,Intern,9,121
81,UI Path,04-10-2022,10:54 AM,5:59 PM,Eldon Lukasen,Antonietta,Intern,13,727
702,Python,14-11-2023,9:06 AM,5:27 PM,Lise Matessian,Gregg,Intern,1,763
176,Data Warehouse,11-12-2023,10:49 AM,5:05 PM,Melisent Bartosch,Douglas,Intern,1,176
380,Javascript,10-06-2023,9:37 AM,5:00 PM,Mona Marran,Radcliffe,Intern,8,246
200,HTML&CSS,26-10-2023,10:41 AM,5:14 PM,Lyda Keri,Jourdan,Employee,11,502
908,ADF,08-11-2022,10:56 AM,5:02 PM,Steffen Bonifazio,Colene,Employee,13,820
463,SQL,12-01-2023,9:15 AM,5:28 PM,Birgitta Strapp,Natalina,Intern,12,184
197,SQL,01-05-2022,10:51 AM,5:23 PM,Susi Ervine,Fergus,Intern,5,462
891,HTML&CSS,23-05-2023,10:23 AM,5:44 PM,Dalenna Wolfers,Ola,Intern,9,173
889,Networking,27-02-2023,9:32 AM,5:47 PM,Aland Haggerston,Elisabetta,Employee,15,263
311,UI/UX(Figma),13-09-2022,9:32 AM,5:16 PM,Walt Radden,Kirstin,Intern,17,97
908,Web Scraping,05-04-2023,9:17 AM,5:24 PM,Clive Bellon,Jaime,Employee,10,808
224,QA,18-01-2023,10:55 AM,5:31 PM,Cobbie Hartopp,Cassey,Intern,11,847
891,UI Path,13-03-2024,9:53 AM,5:49 PM,Dorri Duckels,Leonardo,Intern,13,681
988,Typescript,23-06-2023,9:54 AM,5:56 PM,Malena Barling,Georgy,Employee,2,77
70,UI/UX(Figma),09-09-2023,9:19 AM,5:21 PM,Vina Jillitt,Ronni,Intern,17,614
299,QA,20-05-2022,9:06 AM,5:37 PM,Ric Pearmain,Jackqueline,Intern,9,754
501,Javascript,31-01-2023,9:21 AM,5:27 PM,Chev O' Mahony,Patricia,Intern,14,736
788,Power BI,07-09-2022,10:14 AM,5:20 PM,Conny Grandin,Emalee,Employee,9,792
537,OS,18-05-2022,10:47 AM,5:42 PM,Elyn Karys,Lorie,Employee,10,552
638,DBT,27-10-2023,9:05 AM,5:05 PM,Etty Elstob,Cassey,Intern,3,279
674,UI Path,09-08-2023,10:51 AM,5:42 PM,Levi Merchant,Nicolette,Intern,11,304
181,SQL,28-01-2023,9:27 AM,5:13 PM,Roland Grigori,Ki,Intern,10,29
306,Data Warehouse,10-07-2022,9:46 AM,5:05 PM,Lyle Kyles,Ewen,Employee,1,58
626,QA,09-05-2022,10:59 AM,5:20 PM,Betsey Busst,Belle,Intern,6,483
611,Cloud Platforms,06-01-2023,9:10 AM,5:07 PM,Somerset Lothean,Hunfredo,Employee,15,199
261,Networking,27-06-2022,9:10 AM,5:49 PM,Lauralee Nornable,Haskell,Intern,11,579
834,SQL,23-08-2022,10:19 AM,5:49 PM,Garrek Gronow,Christoforo,Intern,10,703
79,Cloud Platforms,12-04-2023,10:06 AM,5:03 PM,Kinnie Loidl,Leonardo,Intern,13,661
497,UI Path,31-05-2023,10:41 AM,5:05 PM,Morty Byer,Lorie,Intern,9,108
996,ADF,14-09-2022,10:54 AM,5:31 PM,Bard Brandel,Hernando,Employee,17,432
50,SQL,01-11-2022,9:43 AM,5:42 PM,Harriott Roels,Cassey,Intern,16,821
898,OS,16-12-2023,9:44 AM,5:17 PM,Creigh Horlick,Moyna,Intern,17,308
743,Power BI,15-06-2023,9:56 AM,5:43 PM,Franklyn Treffrey,Cassey,Intern,3,203
952,Web Scraping,20-05-2022,9:18 AM,5:20 PM,Burch Drivers,Gilligan,Employee,11,580
533,ADF,31-03-2023,10:57 AM,5:07 PM,Amata Mazzia,Vonni,Intern,8,362
285,Javascript,03-03-2024,10:33 AM,5:28 PM,Devland Wegener,Edi,Employee,1,673
411,Software Components,26-06-2023,10:19 AM,5:28 PM,Toddy Coughlan,Vincent,Employee,12,321
613,React JS,30-04-2022,10:15 AM,5:59 PM,Gerri Meddows,Devora,Intern,5,530
40,Power BI,15-11-2022,9:43 AM,5:19 PM,Joellyn Thomazet,Karel,Intern,17,44
32,Analytics & Reporting,15-06-2022,9:20 AM,5:56 PM,Adair Lankham,Matias,Intern,6,578
891,OS,23-12-2023,9:49 AM,5:12 PM,Rockie Ketton,Ronni,Intern,17,566
232,DBT,06-05-2023,9:57 AM,5:19 PM,Ryon Daglish,Leonie,Employee,11,100
652,QA,05-01-2023,10:34 AM,5:52 PM,Manya Shelbourne,Cassey,Intern,10,432
155,UI Path,20-10-2022,9:13 AM,5:31 PM,Coriss Baskerfield,Courtenay,Intern,4,448
501,Javascript,29-04-2022,9:49 AM,5:54 PM,Una Atherley,Michaelina,Intern,11,530
493,Git & Version Control,12-07-2023,10:42 AM,5:56 PM,Rosamond Richardeau,Vonni,Employee,11,392
50,HTML&CSS,23-03-2024,9:56 AM,5:16 PM,Sheba Frankcombe,Mildrid,Employee,5,241
943,Networking,08-04-2023,10:32 AM,5:20 PM,Sharla McCloid,Gretal,Intern,14,88
162,Networking,31-01-2024,10:40 AM,5:42 PM,Rosemary Paxton,Moss,Intern,6,669
514,QA,25-06-2022,9:08 AM,5:47 PM,Orella Buttle,Jobye,Intern,15,567
777,Data Warehouse,02-10-2023,10:51 AM,5:41 PM,Jo-ann Barden,Devora,Intern,6,570
130,Software Components,29-02-2024,10:46 AM,5:05 PM,Hyacinthe Piatkowski,Ferdinanda,Employee,17,124
479,Cloud Platforms,09-03-2024,10:12 AM,5:44 PM,Zach Yellowlea,Jobye,Intern,9,773
162,Software Components,20-01-2024,9:08 AM,5:40 PM,Malinda Huett,Lynde,Intern,15,859
447,Analytics & Reporting,04-03-2024,9:17 AM,5:58 PM,Kelila Daingerfield,Paige,Intern,1,178
873,UI/UX(Figma),13-11-2022,9:14 AM,5:54 PM,Price Tumilson,Guillaume,Intern,4,454
933,Software Components,01-02-2024,9:56 AM,5:36 PM,Vilma Peteri,Frasco,Employee,10,189
200,Javascript,09-06-2022,9:28 AM,5:10 PM,Alfred Spong,Vincent,Intern,14,839
285,ADF,17-08-2022,9:44 AM,5:38 PM,Bernard Hulks,Rosamund,Intern,8,854
171,QA,24-07-2022,9:12 AM,5:07 PM,Torrance Peschke,Andeee,Intern,8,750
284,Python,21-08-2023,9:07 AM,5:19 PM,Lucky Boog,Euell,Intern,6,859
130,QA,17-07-2023,9:04 AM,5:04 PM,Sigismundo Longdon,Ebba,Intern,8,148
19,UI Path,24-11-2023,9:19 AM,5:23 PM,Fran Gauche,Kristo,Intern,10,477
677,UI/UX(Figma),03-10-2022,9:09 AM,5:49 PM,Lesli Folomkin,Angelica,Intern,14,497
437,SQL,01-08-2023,10:26 AM,5:15 PM,Ferdinanda Loughton,Mildrid,Employee,5,148
19,Cloud Platforms,27-05-2022,9:11 AM,5:17 PM,Mariellen Wegman,Edi,Employee,13,588
396,UI/UX(Figma),09-11-2023,10:09 AM,5:23 PM,Cthrine Marriot,Angelica,Employee,3,483
505,SQL,31-03-2024,9:21 AM,5:04 PM,Rick Main,Traci,Intern,12,38
506,Software Components,31-08-2022,9:34 AM,5:55 PM,Astra Rebbeck,Michaelina,Intern,7,315
181,SQL,03-11-2023,9:21 AM,5:37 PM,Merla Symcoxe,Sonny,Intern,11,801
702,Software Components,05-11-2023,9:10 AM,5:26 PM,Nathanael Stickney,Maurene,Intern,4,539
652,Power BI,23-08-2023,9:55 AM,5:29 PM,Maurie Hurley,Antone,Intern,17,83
509,SQL,13-12-2023,10:43 AM,5:24 PM,Allin Croot,Karel,Intern,11,670
380,React JS,29-04-2022,9:39 AM,5:46 PM,Fidelity Boulden,Hernando,Intern,5,111
380,Data Warehouse,12-12-2023,10:26 AM,5:11 PM,Hunt Corner,Carma,Employee,15,413
506,ADF,26-01-2024,10:47 AM,5:53 PM,Horacio Maxwell,Rina,Intern,11,149
645,UI/UX(Figma),04-07-2023,9:58 AM,5:14 PM,Kory Leetham,Chere,Intern,5,307
672,OS,10-07-2022,9:54 AM,5:45 PM,Ainsley Bezants,Euell,Intern,10,52
292,HTML&CSS,20-09-2022,9:16 AM,5:13 PM,Sara-ann Cottom,Janet,Intern,10,680
821,Software Components,16-10-2023,10:05 AM,5:13 PM,Poul Tankus,Zared,Employee,15,813
84,HTML&CSS,10-11-2022,9:38 AM,5:47 PM,Mauricio Maycey,Maryl,Employee,5,273
626,Analytics & Reporting,16-12-2022,10:40 AM,5:16 PM,Muffin Lejeune,Elayne,Intern,11,249
925,Data Warehouse,25-07-2023,9:06 AM,5:29 PM,Augusta Eliasson,Jaime,Intern,12,164
925,UI/UX(Figma),23-11-2022,10:10 AM,5:59 PM,Mandie Peaseman,Loren,Intern,15,848
702,UI Path,19-04-2022,9:36 AM,5:52 PM,Lorant Beslier,Haskell,Intern,2,138
899,Cloud Platforms,10-08-2022,10:45 AM,5:04 PM,Marie Danelut,Bertrando,Intern,10,557
391,Git & Version Control,07-07-2022,9:48 AM,5:25 PM,Sallyann Ouldcott,Cassey,Employee,5,41
317,ADF,23-07-2022,9:43 AM,5:01 PM,Bertram Vine,Audrye,Employee,9,274
890,Web Scraping,06-11-2023,10:33 AM,5:03 PM,Waldon Woodhead,Maurene,Employee,4,71
284,Web Scraping,18-02-2023,10:23 AM,5:48 PM,Bordy Bonnaire,Anastassia,Intern,12,816
439,Power BI,10-06-2022,9:27 AM,5:50 PM,Oona Timperley,Vonni,Intern,17,2
299,UI Path,31-05-2022,10:31 AM,5:09 PM,Lyn Huc,Eugenia,Employee,11,319
898,Git & Version Control,25-07-2023,9:39 AM,5:04 PM,Naoma Crowth,Vevay,Intern,13,532
391,React JS,09-02-2023,9:33 AM,5:32 PM,Tarra McBrearty,Angelica,Intern,16,658
775,Git & Version Control,28-06-2023,10:12 AM,5:21 PM,Tadeo Balm,Jaime,Intern,12,74
479,Cloud Platforms,15-05-2023,10:47 AM,5:24 PM,Thom Langton,Peirce,Employee,3,595
607,SQL,19-01-2023,9:11 AM,5:43 PM,Vikki Treadway,Inna,Intern,5,651
317,OS,13-04-2023,10:51 AM,5:42 PM,Marian Sturmey,Bertrando,Intern,10,247
171,HTML&CSS,31-12-2023,10:26 AM,5:04 PM,Lanie Denge,Riley,Intern,10,395
75,Cloud Platforms,30-06-2022,10:29 AM,5:49 PM,Archy McEvoy,Ola,Intern,1,370
942,Data Warehouse,19-03-2023,10:20 AM,5:53 PM,Gusella Sefton,Angelica,Employee,14,694
969,Git & Version Control,30-07-2022,10:37 AM,5:22 PM,Maggee Meuse,Zared,Employee,15,480
942,DBT,05-01-2023,10:31 AM,5:34 PM,Briny Crumley,Maurene,Intern,6,214
463,OS,13-11-2023,9:58 AM,5:29 PM,Jermayne Scholling,Peirce,Intern,9,557
988,Power BI,26-03-2023,9:28 AM,5:26 PM,Mildred O'Cleary,Sonny,Intern,14,741
130,React JS,22-04-2022,10:10 AM,5:29 PM,Kimberly Ilyuchyov,Sonny,Intern,6,733
533,UI/UX(Figma),30-03-2024,10:28 AM,5:38 PM,Alikee McCuis,Nonah,Intern,6,73
272,Cloud Platforms,10-07-2022,9:57 AM,5:33 PM,Sim Asquith,Toiboid,Intern,11,412
116,UI Path,23-04-2022,10:17 AM,5:02 PM,Hayes Burde,Ewen,Intern,13,432
447,Web Scraping,05-07-2023,10:58 AM,5:30 PM,Charlton Medendorp,Moyna,Intern,4,843
116,HTML&CSS,15-01-2024,10:11 AM,5:54 PM,Corliss Wong,Haroun,Intern,7,733
943,Power BI,15-12-2022,9:42 AM,5:53 PM,Richard Spears,Kermie,Intern,3,528
889,Cloud Platforms,16-03-2023,10:28 AM,5:40 PM,Abraham Ethington,Fletcher,Intern,8,764
221,SQL,25-10-2022,9:59 AM,5:14 PM,Terza Deniset,Grady,Intern,4,511
19,Analytics & Reporting,14-04-2023,9:08 AM,5:53 PM,Alayne Kempshall,Marnia,Employee,13,279
462,DBT,04-03-2023,10:55 AM,5:53 PM,Heidie Barks,Georgy,Intern,4,251
40,QA,03-09-2023,9:08 AM,5:01 PM,Boone Chellingworth,Kirstin,Intern,14,606
943,React JS,04-03-2023,9:20 AM,5:24 PM,Scarface Hordell,Emalee,Intern,1,253
908,Analytics & Reporting,14-10-2023,9:25 AM,5:31 PM,Matilde Albisser,Wade,Intern,15,148
181,Analytics & Reporting,31-10-2022,10:34 AM,5:38 PM,Claude Bleasdale,Angel,Intern,4,743
652,React JS,09-09-2023,10:27 AM,5:04 PM,Waring Clappson,Moyna,Intern,6,476
50,DBT,23-07-2022,10:12 AM,5:02 PM,Merrilee Comiskey,Andeee,Intern,15,328
240,Python,18-07-2023,10:28 AM,5:24 PM,Wynny Tunsley,Johnette,Intern,8,611
775,OS,26-02-2023,10:59 AM,5:08 PM,Diana Meardon,Emalee,Intern,1,534
463,Software Components,11-04-2023,10:08 AM,5:20 PM,Lauretta Jocelyn,Ola,Employee,4,841
380,React JS,18-06-2022,10:26 AM,5:55 PM,Gwenora Greatbanks,Ferdinanda,Intern,11,133
933,UI Path,28-10-2022,10:38 AM,5:33 PM,Barr Wollard,Inna,Employee,17,381
411,SQL,06-10-2023,9:03 AM,5:49 PM,Joshua Gurling,Fidela,Employee,3,771
461,Networking,13-01-2024,10:57 AM,5:49 PM,Meyer Doxey,Shelby,Intern,17,507
840,ADF,06-07-2023,9:57 AM,5:35 PM,Letitia Swatman,Lorenza,Intern,7,856
497,UI Path,24-08-2023,10:27 AM,5:06 PM,Ilka Gookes,Lorie,Intern,4,248
514,SQL,17-11-2022,9:06 AM,5:31 PM,Nadya Rispen,Devora,Intern,1,663
182,UI Path,18-06-2023,9:13 AM,5:11 PM,Missy Kulver,Frasco,Intern,12,685
925,Typescript,12-07-2023,10:57 AM,5:11 PM,Nanete Godsal,Fergus,Intern,15,115
232,OS,29-04-2022,10:57 AM,5:16 PM,Freddie Joynes,Gilligan,Intern,5,386
54,QA,03-07-2023,9:48 AM,5:08 PM,Alexandrina McGhie,Evelin,Employee,7,155
54,Software Components,27-04-2023,9:42 AM,5:16 PM,Nicola Truesdale,Audrye,Intern,7,644
556,Analytics & Reporting,16-12-2023,9:53 AM,5:03 PM,Robenia Corness,Lynde,Employee,15,537
83,Typescript,01-01-2024,10:39 AM,5:25 PM,Ortensia Reville,Maureen,Intern,5,394
797,Networking,17-02-2023,9:23 AM,5:50 PM,Mattheus Stanmer,Sonny,Employee,8,735
447,Typescript,27-01-2023,10:26 AM,5:11 PM,Olimpia Calltone,Paige,Employee,1,611
306,QA,23-08-2023,10:28 AM,5:53 PM,Court Howen,Cortie,Intern,3,575
232,Networking,03-01-2024,10:04 AM,5:12 PM,Constantia Skiplorne,Germain,Intern,1,446
423,React JS,10-02-2023,10:41 AM,5:12 PM,Heriberto Clappison,Douglas,Employee,14,152
260,OS,05-11-2022,10:44 AM,5:36 PM,Collie Whitsun,Libbey,Intern,5,658
834,Web Scraping,15-05-2023,9:57 AM,5:42 PM,Shermy Dods,Jobye,Intern,4,508
933,Networking,29-07-2022,9:34 AM,5:47 PM,Nilson Stanex,Euell,Employee,2,277
834,UI Path,23-08-2022,9:07 AM,5:35 PM,Andriette Betts,Maurene,Intern,9,133
743,ADF,28-11-2023,9:59 AM,5:00 PM,Shanan L'Amie,Paulina,Employee,4,507
652,OS,15-07-2022,9:37 AM,5:29 PM,Augusto Heitz,Leonie,Intern,14,693
224,UI Path,10-05-2022,10:37 AM,5:20 PM,Meade Hutson,Patricia,Employee,1,50
443,Software Components,12-02-2023,9:08 AM,5:03 PM,Ive Sterzaker,Kirstin,Intern,12,151
933,Networking,11-11-2022,9:33 AM,5:32 PM,Wilburt Wickes,Angel,Intern,12,831
908,HTML&CSS,11-02-2023,9:56 AM,5:04 PM,Hamil Powrie,Colene,Employee,6,451
320,ADF,25-06-2022,10:16 AM,5:30 PM,Leila Hutt,Vonni,Intern,15,134
171,ADF,03-02-2024,9:19 AM,5:47 PM,Rog Danett,Maryellen,Intern,6,206
55,Javascript,17-02-2024,9:01 AM,5:40 PM,Ollie Corey,Kristo,Intern,13,750
158,Networking,31-07-2023,10:05 AM,5:28 PM,Herold Bushill,Nils,Employee,16,275
652,QA,23-04-2022,9:58 AM,5:27 PM,Freida Scholtz,Christoforo,Intern,11,727
792,QA,07-03-2023,10:15 AM,5:42 PM,Hi Wasielewicz,Mathe,Intern,15,13
613,Git & Version Control,05-04-2023,9:05 AM,5:37 PM,Virgilio Satyford,Shelby,Intern,10,477
506,OS,20-05-2023,10:51 AM,5:17 PM,Egbert Evers,Loren,Intern,9,677
674,Web Scraping,10-08-2022,10:33 AM,5:16 PM,Noni Winscomb,Hunfredo,Intern,4,302
200,Software Components,07-04-2023,9:40 AM,5:22 PM,Gunner Jerome,Flinn,Intern,12,820
626,Python,25-04-2023,10:55 AM,5:25 PM,Yettie Hiscoke,Burk,Intern,12,785
449,React JS,17-09-2022,9:20 AM,5:30 PM,Gwendolyn O'Scanlon,Kurt,Intern,6,433
509,Networking,30-03-2024,10:15 AM,5:07 PM,Bianca Youens,Tait,Intern,17,837
841,Javascript,24-03-2023,9:53 AM,5:51 PM,Wilma Gunnell,Paige,Intern,1,103
891,OS,24-04-2022,9:19 AM,5:40 PM,Emlyn Boich,Ebba,Intern,13,753
423,Software Components,13-09-2022,10:09 AM,5:25 PM,Rudy Dobrovsky,Stephana,Intern,3,59
487,OS,24-10-2022,10:25 AM,5:51 PM,Rhiamon Bru,Elisabetta,Employee,3,442
840,QA,31-05-2023,9:07 AM,5:01 PM,Anetta Haliburn,Karel,Intern,16,555
707,Web Scraping,21-06-2022,10:06 AM,5:38 PM,Stacie Seed,Gregg,Intern,17,632
462,ADF,02-12-2022,10:10 AM,5:37 PM,Cecilla Stoodale,Cassey,Employee,9,184
515,Cloud Platforms,05-03-2024,9:45 AM,5:48 PM,Hollie Desantis,Alexa,Intern,10,663
506,Typescript,06-08-2023,9:47 AM,5:41 PM,Benji Matokhnin,Johnette,Employee,13,599
359,OS,15-07-2022,9:09 AM,5:51 PM,Lynna Noriega,Riley,Intern,5,27
556,UI Path,21-07-2023,9:58 AM,5:24 PM,Gael Steely,Carmelina,Intern,16,422
777,React JS,18-08-2022,9:09 AM,5:20 PM,Fan Pagon,Cortie,Intern,17,599
626,Analytics & Reporting,18-09-2022,10:04 AM,5:52 PM,Frankie Leechman,Hunfredo,Intern,16,384
50,Networking,21-04-2022,9:08 AM,5:29 PM,Abbie Peterken,Nicky,Intern,4,673
611,HTML&CSS,26-12-2022,9:45 AM,5:40 PM,Morty Greenhalgh,Carmelina,Intern,4,266
272,Analytics & Reporting,27-02-2023,10:44 AM,5:40 PM,Kath Chasteney,Christoforo,Intern,12,830
474,Web Scraping,04-06-2022,10:48 AM,5:10 PM,Hally McCallion,Wade,Employee,4,859
873,OS,13-07-2023,10:06 AM,5:20 PM,Tammie Cristofolo,Anastassia,Intern,2,189
130,HTML&CSS,19-11-2023,9:10 AM,5:51 PM,Marian Witnall,Fergus,Intern,10,571
841,UI Path,19-02-2024,10:51 AM,5:41 PM,Dalila Bamsey,Ricky,Intern,12,758
506,Git & Version Control,21-12-2022,9:14 AM,5:13 PM,Latrina Bickle,Matias,Intern,12,414
411,Git & Version Control,14-10-2023,9:06 AM,5:16 PM,Waylan Buzzing,Chere,Intern,17,536
943,ADF,20-11-2022,10:53 AM,5:41 PM,Olly Crowcombe,Guillaume,Employee,9,148
613,Git & Version Control,03-08-2022,10:46 AM,5:12 PM,Harland Renton,Leonie,Intern,15,555
75,Typescript,04-01-2024,9:55 AM,5:14 PM,Austin Crewe,Rina,Intern,11,147
797,DBT,02-05-2023,10:57 AM,5:46 PM,Rowney Northridge,Grady,Intern,11,178
834,Cloud Platforms,24-01-2023,10:02 AM,5:10 PM,Neville Rosenthal,Carmelina,Intern,8,291
221,UI Path,28-06-2023,9:52 AM,5:25 PM,Blisse Grodden,Guillaume,Intern,17,707
155,Analytics & Reporting,04-12-2022,9:09 AM,5:31 PM,Jelene Phibb,Janet,Intern,8,559
463,Software Components,07-01-2024,10:01 AM,5:58 PM,Consalve Suddaby,Shawnee,Employee,6,372
50,Analytics & Reporting,21-12-2023,9:16 AM,5:22 PM,Torrance Nesbeth,Cortie,Employee,17,138
158,UI Path,02-03-2024,9:10 AM,5:08 PM,Lurleen Langhorn,Moyna,Intern,10,469
627,UI/UX(Figma),29-08-2022,10:15 AM,5:01 PM,Justen Barrasse,Patricia,Employee,12,664
702,DBT,26-11-2023,9:31 AM,5:45 PM,Stephanus Deadman,Maureen,Intern,5,61
447,QA,27-11-2023,9:34 AM,5:46 PM,Philomena Mingame,Devan,Intern,13,279
184,Analytics & Reporting,12-01-2024,9:33 AM,5:12 PM,Irvine Vaudre,Kyla,Intern,10,445
638,Networking,27-12-2023,10:46 AM,5:12 PM,Analiese Daish,Ferdinanda,Intern,16,745
48,Software Components,05-10-2022,9:13 AM,5:44 PM,Mayor Calbrathe,Jessica,Employee,4,119
962,QA,06-01-2023,9:27 AM,5:34 PM,Danice Seaborn,Marnia,Intern,3,71
176,ADF,03-09-2023,9:33 AM,5:13 PM,Odo Origan,Kurt,Intern,14,162
952,Software Components,02-08-2022,10:02 AM,5:34 PM,Antoni Margiotta,Michaelina,Employee,14,360
324,HTML&CSS,11-02-2023,9:37 AM,5:24 PM,Claire Lambregts,Rosamund,Employee,14,254
952,UI/UX(Figma),12-05-2023,9:03 AM,5:24 PM,Glen Kibbe,Jobye,Intern,11,393
672,Analytics & Reporting,03-09-2023,9:36 AM,5:17 PM,Gretta Salvage,Haskell,Intern,12,661
537,Javascript,30-05-2022,10:06 AM,5:35 PM,Tawsha Trout,Ki,Intern,12,39
493,DBT,30-01-2023,10:04 AM,5:27 PM,Emilio Dressell,Nils,Employee,4,853
964,Git & Version Control,31-12-2023,10:24 AM,5:02 PM,Deni Korejs,Paulina,Employee,11,739
788,Web Scraping,26-06-2022,10:00 AM,5:05 PM,Della Speechly,Cortie,Employee,6,851
411,Power BI,24-01-2024,10:18 AM,5:46 PM,Shell Daymont,Kyla,Intern,5,94
408,Power BI,26-07-2022,9:47 AM,5:51 PM,Jarrad Bertouloume,Janet,Intern,1,552
908,Typescript,12-04-2023,10:24 AM,5:38 PM,Genevieve Lock,Shawnee,Intern,13,453
898,Git & Version Control,24-10-2022,10:02 AM,5:26 PM,Kristan Habens,Jessica,Employee,9,415
439,DBT,08-10-2022,10:55 AM,5:36 PM,Ricca Brookson,Steffie,Intern,3,115
627,React JS,21-06-2022,10:13 AM,5:40 PM,Gabbi Lemon,Rosamund,Intern,11,178
162,HTML&CSS,21-01-2023,9:57 AM,5:15 PM,Mella Limprecht,Johnette,Intern,14,455
505,SQL,04-08-2022,9:40 AM,5:53 PM,Wilden Porrett,Junie,Intern,11,812
50,UI/UX(Figma),11-12-2023,10:29 AM,5:48 PM,Stefan Breens,Hunfredo,Intern,14,798
889,UI Path,28-08-2022,10:18 AM,5:14 PM,Gweneth Goligher,Sonny,Intern,9,129
54,HTML&CSS,31-08-2022,9:53 AM,5:37 PM,Gavra Downs,Jania,Intern,13,471
176,React JS,14-11-2022,10:57 AM,5:25 PM,Fairlie Mullett,Leonie,Intern,5,307
408,UI Path,28-10-2022,9:22 AM,5:49 PM,Ruprecht Bagley,Colene,Intern,3,450
645,Typescript,23-06-2023,10:36 AM,5:28 PM,Morgan Birdsey,Ilaire,Employee,8,791
908,ADF,14-01-2023,9:58 AM,5:01 PM,Aldridge MacAless,Nils,Employee,2,530
556,Software Components,26-03-2024,9:00 AM,5:28 PM,Bette Kemetz,Kyla,Intern,15,197
158,React JS,12-10-2023,10:50 AM,5:25 PM,Clarence Pykerman,Edi,Intern,13,126
841,React JS,01-07-2023,9:22 AM,5:58 PM,Barnebas Beade,Courtenay,Employee,17,250
79,Python,01-02-2023,9:50 AM,5:39 PM,Israel Ledbury,Coraline,Intern,15,622
889,SQL,02-12-2022,10:11 AM,5:22 PM,Lisa Falck,Des,Intern,14,729
423,Git & Version Control,03-03-2024,9:38 AM,5:19 PM,Friedrich Pettigrew,Paige,Intern,7,175
443,Cloud Platforms,10-08-2023,9:12 AM,5:03 PM,Royce Jestico,Pierre,Employee,7,317
240,Javascript,19-06-2022,9:50 AM,5:52 PM,Dody Mazin,Germain,Intern,15,476
840,Analytics & Reporting,10-10-2023,10:39 AM,5:56 PM,Gaelan Foxen,Georgy,Intern,9,143
414,ADF,19-05-2022,9:11 AM,5:29 PM,Marjorie Rojas,Cindie,Intern,17,602
952,DBT,31-12-2022,10:18 AM,5:43 PM,Augustus Guilloud,Mathe,Employee,15,500
439,Data Warehouse,12-09-2022,9:18 AM,5:10 PM,Von Kemmish,Frasco,Intern,12,13
827,UI Path,04-10-2023,10:02 AM,5:37 PM,Briano Targett,Devora,Employee,15,203
299,React JS,14-04-2022,9:18 AM,5:40 PM,Dorothee Vallis,Karel,Intern,9,327
75,HTML&CSS,04-05-2023,9:39 AM,5:42 PM,Annabela Radnage,Carmelina,Intern,5,393
638,Power BI,07-01-2023,10:38 AM,5:52 PM,Granger McIlory,Maureen,Intern,15,297
627,Software Components,30-05-2023,9:54 AM,5:04 PM,Leila Bodicam,Vevay,Intern,9,628
497,Python,02-06-2023,10:42 AM,5:41 PM,Lars Boosey,Wade,Intern,8,349
841,Data Warehouse,23-11-2022,10:42 AM,5:48 PM,Antoine Clemendet,Ilaire,Intern,16,373
497,UI Path,17-10-2022,9:27 AM,5:05 PM,Broddie Diano,Wade,Intern,6,551
32,Git & Version Control,13-05-2022,10:43 AM,5:37 PM,Roddie Werner,Ebba,Intern,4,477
841,Web Scraping,27-09-2023,9:13 AM,5:26 PM,Stacee Bucke,Antone,Employee,8,164
364,Web Scraping,05-04-2023,10:43 AM,5:21 PM,Eduard Longbone,Nils,Intern,9,462
224,HTML&CSS,01-09-2023,10:47 AM,5:16 PM,Lianne Phelps,Bartholomew,Intern,14,834
396,Data Warehouse,06-09-2022,10:28 AM,5:49 PM,Therine Chasmar,Peirce,Employee,3,816
423,Cloud Platforms,20-07-2022,9:05 AM,5:44 PM,Jammal Champneys,Wade,Intern,17,6
260,Web Scraping,07-05-2023,10:46 AM,5:20 PM,Tiffy Attrey,Maryellen,Employee,15,789
200,Typescript,13-09-2023,10:15 AM,5:38 PM,Rockie Cavnor,Staford,Employee,4,164
792,SQL,11-01-2023,10:16 AM,5:34 PM,Fallon Lambarton,Gardy,Intern,11,791
788,DBT,29-10-2022,10:06 AM,5:48 PM,Kirsti Shatliffe,Maurene,Intern,12,278
155,Javascript,13-02-2024,9:55 AM,5:05 PM,Filippo Bartak,Haskell,Intern,14,328
324,Power BI,22-07-2023,10:27 AM,5:08 PM,Dorene Streeten,Hunfredo,Intern,13,139
261,Data Warehouse,17-10-2022,9:20 AM,5:03 PM,Heidie Binner,Jania,Employee,16,127
497,Software Components,22-06-2023,10:05 AM,5:40 PM,Brietta Ariss,Gilligan,Employee,11,160
411,Networking,14-09-2022,9:02 AM,5:28 PM,Latrena Vazquez,Loren,Intern,7,711
408,ADF,28-07-2023,10:46 AM,5:00 PM,Osgood Noore,Euell,Intern,3,42
171,Web Scraping,29-08-2022,9:39 AM,5:56 PM,Gene St. John,Kurt,Employee,4,289
908,Cloud Platforms,04-10-2022,9:31 AM,5:23 PM,Garfield Tindall,Vevay,Employee,1,470
908,Software Components,28-03-2023,9:59 AM,5:49 PM,Benoit Kimpton,Germain,Intern,8,622
261,React JS,12-03-2024,9:53 AM,5:45 PM,Merci Beadles,Johnette,Intern,15,131
168,Cloud Platforms,28-02-2024,10:55 AM,5:44 PM,Vassili Curless,Hernando,Intern,8,548
181,DBT,04-02-2024,9:20 AM,5:05 PM,Lian Farans,Nicolette,Intern,2,795
40,Web Scraping,21-01-2023,10:14 AM,5:02 PM,Odette Habbeshaw,Christoforo,Intern,14,750
461,Networking,18-11-2023,10:21 AM,5:02 PM,Rickie Alderton,Haskell,Intern,3,851
788,ADF,26-10-2023,10:32 AM,5:54 PM,Cory Wayte,Audrye,Employee,14,101
645,Analytics & Reporting,09-04-2022,10:25 AM,5:56 PM,Martie Damp,Jobye,Intern,11,403
921,HTML&CSS,24-12-2022,10:53 AM,5:24 PM,Harlie Carek,Shawnee,Intern,17,590
232,HTML&CSS,11-12-2023,10:53 AM,5:48 PM,Billy Sisselot,Peirce,Intern,5,762
509,OS,19-05-2022,9:06 AM,5:29 PM,Sigismundo Stairs,Haroun,Intern,14,748
650,Git & Version Control,07-09-2023,9:22 AM,5:16 PM,Ambros Olenikov,Guillaume,Intern,13,830
707,Python,31-07-2022,10:16 AM,5:01 PM,Patrizia Trytsman,Haroun,Employee,11,770
834,UI Path,03-11-2022,10:03 AM,5:15 PM,Deirdre Tomasek,Fletcher,Employee,1,555
317,ADF,21-02-2024,9:05 AM,5:06 PM,Wilow Grimmolby,Angel,Intern,2,230
72,Git & Version Control,03-05-2022,10:20 AM,5:41 PM,Jillene Allso,Evelin,Intern,7,622
607,Analytics & Reporting,24-11-2022,10:12 AM,5:44 PM,Dulcinea Flay,Elayne,Employee,11,772
184,Data Warehouse,02-07-2022,9:33 AM,5:34 PM,Amandi Faircloth,Maryl,Employee,17,47
627,UI Path,31-05-2022,10:01 AM,5:29 PM,Mariya Rising,Ola,Intern,9,424
514,Git & Version Control,27-08-2023,9:50 AM,5:59 PM,Ann Baskeyfield,Peirce,Intern,9,783
54,DBT,08-07-2022,10:49 AM,5:45 PM,Lezlie Hayne,Euell,Intern,16,713
130,Cloud Platforms,19-11-2023,10:53 AM,5:01 PM,Carny Wyson,Hunfredo,Intern,1,522
184,Web Scraping,10-12-2023,9:58 AM,5:07 PM,Rockey Corey,Riley,Intern,16,575
868,SQL,18-03-2023,9:13 AM,5:05 PM,Ainslie Aked,Zared,Intern,6,754
860,React JS,09-11-2023,10:26 AM,5:50 PM,Maximo Padilla,Bax,Intern,14,221
272,QA,16-05-2023,9:52 AM,5:02 PM,Cy Hyndes,Corrina,Intern,16,144
505,QA,16-06-2023,10:07 AM,5:26 PM,Shelden Ciubutaro,Kristo,Employee,1,481
487,QA,28-04-2023,10:47 AM,5:42 PM,Kimbell Kimbly,Janet,Intern,8,541
221,SQL,26-05-2022,9:03 AM,5:37 PM,Vonni Congreve,Coraline,Intern,6,699
84,Networking,07-05-2023,10:56 AM,5:10 PM,Harland Abrams,Audrye,Intern,7,669
54,UI Path,15-07-2022,9:14 AM,5:35 PM,Pammie Gammack,Haroun,Intern,7,25
677,Software Components,20-06-2023,10:23 AM,5:13 PM,Haze Lomasney,Paulina,Intern,7,602
834,Javascript,25-01-2023,10:34 AM,5:05 PM,Bartolomeo Lovel,Jessica,Intern,6,123
873,SQL,18-07-2022,10:27 AM,5:44 PM,Jen Pygott,Angelica,Intern,13,337
299,OS,24-10-2023,9:11 AM,5:17 PM,Kalil Crowcroft,Des,Intern,15,276
59,Networking,11-12-2023,10:53 AM,5:17 PM,Morrie Latta,Maryellen,Intern,17,696
909,Python,11-09-2022,9:08 AM,5:11 PM,Lewes Pechard,Lynde,Intern,15,728
447,Cloud Platforms,04-03-2023,10:28 AM,5:12 PM,Alberto Olivari,Jessica,Employee,13,842
995,HTML&CSS,24-08-2022,9:07 AM,5:25 PM,Kerk Boskell,Colene,Intern,15,772
672,UI Path,06-07-2023,10:22 AM,5:11 PM,Emlynne Muggleton,Nicky,Intern,3,611
299,Data Warehouse,15-08-2023,9:23 AM,5:25 PM,Aurilia Mothersole,Steffie,Intern,15,469
996,Web Scraping,03-11-2023,9:28 AM,5:30 PM,Arley Summerrell,Douglas,Intern,12,277
176,Typescript,29-01-2023,9:52 AM,5:35 PM,Adelaida Hartburn,Courtenay,Intern,4,123
662,SQL,02-12-2022,9:13 AM,5:44 PM,Damon Seacroft,Cassey,Employee,10,662
79,HTML&CSS,31-12-2023,9:19 AM,5:16 PM,Amelita Francis,Burk,Employee,17,138
860,HTML&CSS,01-06-2022,10:55 AM,5:33 PM,Lexi Lewry,Cortie,Intern,11,817
333,UI Path,27-04-2022,9:49 AM,5:03 PM,Jerrie Ortmann,Mildrid,Employee,1,294
443,Analytics & Reporting,17-02-2024,9:15 AM,5:01 PM,Aleta Dory,Georgy,Intern,14,628
50,Power BI,05-03-2023,10:36 AM,5:50 PM,Nady Leakner,Belle,Intern,9,90
447,Web Scraping,04-01-2024,9:33 AM,5:15 PM,Rozamond Choffin,Hunfredo,Intern,4,523
184,Power BI,02-12-2023,10:22 AM,5:58 PM,Marianna Matschuk,Patricia,Intern,2,813
988,QA,09-04-2023,10:00 AM,5:54 PM,Andrew Glowacki,Elayne,Employee,6,617
84,React JS,02-06-2023,10:20 AM,5:45 PM,Lee Farrier,Gustav,Intern,5,443
613,Python,07-05-2023,9:44 AM,5:12 PM,Jermayne Molder,Georgy,Intern,5,63
605,Cloud Platforms,07-08-2023,10:38 AM,5:02 PM,Fancy Dyment,Gustav,Employee,3,835
501,Networking,20-10-2022,10:14 AM,5:55 PM,Lionel Saunders,Carmelina,Intern,14,600
899,Web Scraping,10-02-2023,10:03 AM,5:40 PM,Lulu Trunchion,Douglas,Intern,11,806
788,Software Components,04-08-2022,9:39 AM,5:06 PM,Birch Robet,Bartholomeus,Intern,3,443
613,Software Components,09-10-2023,9:00 AM,5:27 PM,Francis Curnucke,Edi,Intern,7,58
48,Javascript,14-10-2023,9:20 AM,5:37 PM,Konstantin Maly,Kurt,Employee,7,243
72,Javascript,20-03-2024,9:08 AM,5:22 PM,Hartley Spaice,Ferdinanda,Intern,5,132
841,Networking,31-10-2022,10:54 AM,5:47 PM,Margie Basten,Zared,Intern,17,783
294,Networking,13-01-2023,10:48 AM,5:31 PM,Mommy Jellico,Jania,Intern,9,114
677,Web Scraping,11-09-2023,9:04 AM,5:13 PM,Lilas Betteridge,Ola,Intern,8,80
181,Power BI,26-12-2022,9:57 AM,5:42 PM,Nickola Garrod,Manfred,Employee,5,132
626,Networking,12-08-2023,9:35 AM,5:30 PM,Liuka Pabel,Jobye,Employee,17,309
306,Data Warehouse,20-11-2023,10:10 AM,5:28 PM,Heida Fulloway,Mildrid,Employee,9,46
841,Software Components,07-04-2023,9:10 AM,5:26 PM,Britni Milius,Gretal,Intern,14,637
509,Power BI,05-09-2022,9:13 AM,5:48 PM,Perry Gheerhaert,Lorenza,Intern,10,89
827,Cloud Platforms,02-01-2023,10:13 AM,5:41 PM,Giusto Zellmer,Maryl,Employee,5,831
821,Networking,25-07-2023,9:01 AM,5:06 PM,Etta Hryniewicz,Sonny,Intern,3,573
909,Typescript,23-02-2023,10:01 AM,5:32 PM,Daron Muggleton,Georgy,Intern,4,767
497,React JS,29-12-2022,9:20 AM,5:19 PM,Eustace Youell,Loren,Intern,14,474
943,Web Scraping,12-02-2024,10:29 AM,5:41 PM,Aubree Wimbridge,Ilaire,Intern,17,607
702,Cloud Platforms,15-05-2023,10:24 AM,5:27 PM,Lorenzo Hinrichsen,Angelica,Intern,4,650
182,ADF,01-02-2024,10:06 AM,5:40 PM,Elinor Bawle,Vincent,Intern,12,204
868,SQL,08-08-2023,9:47 AM,5:39 PM,Adelle Enochsson,Stanly,Employee,11,156
437,UI Path,03-09-2022,9:32 AM,5:41 PM,Pascale Bancroft,Stephana,Intern,12,489
962,SQL,03-08-2023,10:54 AM,5:42 PM,Odilia Saurin,Colene,Intern,7,630
292,Power BI,12-02-2024,10:15 AM,5:29 PM,Lib Bearman,Toiboid,Employee,14,428
79,Software Components,28-04-2022,9:39 AM,5:31 PM,Saw Danielkiewicz,Andeee,Intern,8,849
509,Web Scraping,27-03-2023,9:42 AM,5:51 PM,Clemente Brokenbrow,Georgy,Employee,8,438
962,Javascript,11-10-2023,10:15 AM,5:51 PM,Kit Baynham,Pierre,Employee,1,10
411,DBT,25-08-2023,10:34 AM,5:40 PM,Malchy Ginty,Thorin,Intern,2,92
184,Power BI,04-09-2023,10:54 AM,5:13 PM,Philly Fawcett,Germain,Intern,2,636
311,SQL,22-01-2024,10:37 AM,5:46 PM,Rollo Zambonini,Gustav,Employee,4,194
405,Analytics & Reporting,17-09-2023,10:20 AM,5:58 PM,Ernesto Thurbon,Maurene,Intern,1,787
933,UI/UX(Figma),20-09-2023,10:25 AM,5:04 PM,Randie Lorente,Ewen,Employee,8,177
902,Web Scraping,22-05-2022,10:56 AM,5:19 PM,Othilie Surgey,Matias,Intern,3,5
943,DBT,29-02-2024,10:26 AM,5:19 PM,Abbie Grinvalds,Libbey,Intern,6,53
406,UI Path,01-01-2024,10:30 AM,5:24 PM,Gerald Chess,Toiboid,Intern,6,532
952,Networking,22-12-2022,9:51 AM,5:12 PM,Ashby Myles,Nils,Intern,12,530
827,UI/UX(Figma),28-09-2022,10:52 AM,5:31 PM,Rooney Paschke,Alexa,Intern,3,280
193,SQL,27-08-2023,10:39 AM,5:40 PM,Barb Talton,Kurt,Intern,7,325
506,Software Components,16-06-2023,9:31 AM,5:26 PM,Kaile Ruddom,Kyla,Intern,4,234
487,React JS,25-01-2024,9:49 AM,5:25 PM,Brannon Canizares,Douglas,Employee,14,373
674,Javascript,29-10-2023,9:04 AM,5:41 PM,Addy Titherington,Jourdan,Intern,2,564
324,ADF,02-11-2022,10:44 AM,5:49 PM,Hedwig Doud,Marnia,Intern,8,84
515,SQL,06-05-2022,10:16 AM,5:27 PM,Field Gudgion,Jaime,Intern,5,356
260,UI Path,16-07-2023,10:46 AM,5:06 PM,Hussein Gauson,Ricky,Intern,9,5
320,Git & Version Control,22-07-2022,10:53 AM,5:14 PM,Caye Pell,Paige,Intern,11,71
55,DBT,16-07-2022,10:47 AM,5:05 PM,Dusty MacSherry,Jackqueline,Intern,9,269
306,Typescript,27-09-2023,10:51 AM,5:47 PM,Rossy Prattin,Riley,Intern,10,483
311,Cloud Platforms,18-03-2024,9:00 AM,5:34 PM,Reg Witton,Filberto,Intern,6,381
54,UI Path,17-04-2022,9:13 AM,5:54 PM,Ulrika Wann,Chere,Employee,11,591
460,Python,18-02-2024,10:01 AM,5:07 PM,Leticia Bigby,Kermie,Intern,3,624
652,QA,13-03-2023,9:10 AM,5:38 PM,Whitaker Teers,Thorin,Intern,1,824
197,React JS,28-01-2023,10:56 AM,5:46 PM,Johann Chafer,Maureen,Intern,16,60
889,Software Components,14-07-2022,10:18 AM,5:15 PM,Deeann Klampt,Frasco,Intern,11,789
952,Data Warehouse,24-05-2022,9:54 AM,5:56 PM,Aloysia Durant,Chere,Intern,5,704
506,Data Warehouse,22-07-2022,10:48 AM,5:46 PM,Charley Umney,Coraline,Intern,8,404
380,OS,27-02-2024,10:01 AM,5:05 PM,Harley Steenson,Gardy,Intern,4,16
743,Cloud Platforms,20-06-2023,9:53 AM,5:11 PM,Denni Reggio,Berky,Employee,9,97
957,Git & Version Control,10-03-2023,10:00 AM,5:09 PM,Christie Widdall,Devora,Employee,8,212
32,SQL,30-11-2022,9:06 AM,5:52 PM,Gerti Grinsted,Flinn,Intern,2,417
155,Cloud Platforms,22-07-2023,10:42 AM,5:40 PM,Patten Klaesson,Christoforo,Employee,1,67
474,Data Warehouse,16-06-2022,10:01 AM,5:11 PM,Hillary Einchcombe,Wade,Intern,17,531
40,HTML&CSS,25-11-2022,10:17 AM,5:12 PM,Franni Sigge,Radcliffe,Intern,4,283
505,DBT,31-08-2023,10:09 AM,5:57 PM,Rhetta Monson,Jaime,Intern,6,368
116,DBT,13-06-2022,10:07 AM,5:49 PM,Vidovic Fellman,Angelica,Employee,12,63
411,OS,15-07-2023,10:06 AM,5:04 PM,Celestyna Le Marquand,Mattias,Intern,4,677
925,OS,22-08-2022,9:08 AM,5:06 PM,Reynard Ezzy,Shelby,Intern,16,462
39,Power BI,23-07-2022,10:37 AM,5:20 PM,Giffie Prando,Zach,Intern,15,790
48,DBT,17-07-2023,9:41 AM,5:47 PM,Emmanuel Streater,Hunfredo,Employee,9,857
406,Power BI,21-12-2022,10:47 AM,5:37 PM,Marven Braybrookes,Filberto,Employee,15,781
556,Software Components,14-04-2022,10:26 AM,5:54 PM,Normy Blakes,Angel,Intern,8,12
626,UI Path,19-06-2022,10:49 AM,5:15 PM,Sondra Jacquot,Georgy,Intern,1,547
184,Web Scraping,09-10-2022,9:59 AM,5:24 PM,Morgen Lundbeck,Frasco,Intern,7,445
182,Javascript,06-12-2022,10:27 AM,5:16 PM,Stirling Cheers,Elayne,Intern,2,634
176,Cloud Platforms,03-12-2023,9:35 AM,5:09 PM,Constancia Druhan,Mattias,Employee,17,646
320,UI/UX(Figma),08-05-2022,10:50 AM,5:25 PM,Andreas Readett,Fergus,Intern,4,631
130,Networking,18-05-2022,9:51 AM,5:22 PM,Julita Anthoney,Shelby,Intern,1,358
556,QA,05-09-2023,9:37 AM,5:53 PM,Perrine Acott,Shawnee,Intern,4,194
50,Cloud Platforms,25-11-2023,10:16 AM,5:35 PM,Neile Figliovanni,Mathe,Intern,14,459
868,SQL,03-02-2023,10:17 AM,5:06 PM,Eden Patnelli,Nicky,Employee,14,367
957,SQL,04-12-2022,10:54 AM,5:52 PM,Heall Flory,Leonardo,Intern,14,87
505,OS,23-06-2022,9:41 AM,5:35 PM,Elvin Arnould,Zared,Employee,5,722
702,SQL,27-10-2022,9:12 AM,5:54 PM,Rica Bedford,Nicolette,Employee,17,90
995,Git & Version Control,16-11-2022,10:13 AM,5:41 PM,Thacher Burnage,Rina,Intern,8,680
899,Cloud Platforms,20-10-2022,9:11 AM,5:48 PM,Robbie Goldspink,Jaime,Intern,16,855
925,Git & Version Control,10-08-2022,9:21 AM,5:07 PM,Duncan Deeney,Stephana,Intern,5,464
50,React JS,12-07-2023,10:34 AM,5:34 PM,Celka Gorgen,Gilligan,Intern,17,640
391,ADF,09-07-2022,9:55 AM,5:52 PM,Haydon Boog,Johnette,Intern,10,503
40,Power BI,15-04-2023,9:40 AM,5:29 PM,Chelsey Philippault,Gilligan,Intern,11,209
899,ADF,23-01-2023,9:22 AM,5:44 PM,Justus Beretta,Gregg,Employee,9,337
821,Power BI,21-04-2022,9:24 AM,5:57 PM,Duky Baytrop,Pierre,Intern,9,402
983,Javascript,29-05-2022,10:29 AM,5:10 PM,Hazel Vaud,Bartholomew,Intern,14,386
299,DBT,04-10-2022,10:03 AM,5:19 PM,Laura Widdop,Courtenay,Intern,6,238
406,UI Path,16-09-2022,9:13 AM,5:27 PM,Walther Josselsohn,Euell,Employee,10,470
650,UI Path,03-07-2022,10:44 AM,5:52 PM,Von Wanjek,Manfred,Employee,11,303
158,HTML&CSS,06-09-2022,10:12 AM,5:38 PM,Edd Marlin,Nils,Intern,4,129
605,ADF,05-06-2022,9:28 AM,5:09 PM,Garrot Gascard,Traci,Intern,10,618
834,UI Path,17-10-2022,10:58 AM,5:09 PM,Ozzie Langan,Maurene,Intern,14,429
324,Data Warehouse,07-09-2022,9:47 AM,5:46 PM,Alfy Lerohan,Haroun,Intern,11,9
921,QA,18-12-2022,10:18 AM,5:40 PM,Petronella Parrish,Kermie,Intern,7,387
116,HTML&CSS,31-07-2023,9:08 AM,5:04 PM,Mattie Wickey,Nicolette,Intern,12,427
645,HTML&CSS,20-06-2023,10:30 AM,5:23 PM,Merell Hedley,Gretal,Employee,4,404
70,Networking,24-07-2023,9:28 AM,5:14 PM,Ewen Heers,Ewen,Employee,1,477
447,UI/UX(Figma),13-01-2023,9:24 AM,5:41 PM,Zaneta McCaw,Lorie,Intern,12,1
559,Power BI,09-08-2023,9:53 AM,5:23 PM,Margaretha Urch,Lorie,Intern,11,826
72,UI Path,26-01-2024,10:37 AM,5:33 PM,Rosanna Wardrope,Gretal,Intern,1,367
443,Git & Version Control,25-09-2022,9:37 AM,5:52 PM,Lethia Bebis,Leonardo,Intern,10,793
968,Power BI,06-06-2023,9:07 AM,5:31 PM,Chaddy Ingledow,Carmelina,Intern,1,6
84,Cloud Platforms,31-10-2023,9:36 AM,5:57 PM,Kristofer Le Marquand,Nicolette,Intern,8,380
306,ADF,18-05-2022,9:24 AM,5:06 PM,Pippa Greetland,Jackqueline,Intern,3,506
424,Analytics & Reporting,16-06-2023,9:32 AM,5:39 PM,Moss Hurn,Thorin,Intern,17,601
515,UI Path,01-08-2023,9:39 AM,5:58 PM,Berrie Dearth,Sonny,Intern,4,26
232,Data Warehouse,08-07-2023,10:11 AM,5:51 PM,Inge Tremble,Elayne,Employee,14,715
969,SQL,10-08-2023,10:02 AM,5:55 PM,Husain Masdon,Germain,Intern,5,475
83,Software Components,04-10-2023,9:57 AM,5:29 PM,Christine Rontree,Gustav,Intern,16,497
983,HTML&CSS,11-10-2023,9:06 AM,5:12 PM,Euell Kibbee,Haroun,Intern,3,514
952,SQL,09-10-2023,10:09 AM,5:25 PM,Sara Bernucci,Berky,Intern,12,13
70,Power BI,09-12-2022,10:34 AM,5:36 PM,Merline MacIlhargy,Chere,Employee,13,814
891,SQL,26-10-2022,9:08 AM,5:08 PM,Dulcea Cud,Rosamund,Intern,11,314
902,SQL,14-06-2022,9:48 AM,5:09 PM,Son Biscomb,Jaime,Intern,9,553
890,Data Warehouse,24-12-2022,10:00 AM,5:15 PM,Mahmoud Nesbit,Leonie,Employee,14,270
232,OS,14-11-2022,10:00 AM,5:02 PM,Lenette Vasyagin,Chere,Intern,11,157
889,UI Path,03-01-2023,10:54 AM,5:42 PM,Dewitt Labba,Antonietta,Employee,16,632
501,Software Components,19-11-2023,9:28 AM,5:08 PM,Tito Gerrie,Marnia,Employee,17,120
650,React JS,02-05-2023,9:29 AM,5:32 PM,Gib Pogg,Vonni,Intern,14,189
81,UI/UX(Figma),18-01-2023,10:58 AM,5:59 PM,Marlin Kilshaw,Ilaire,Intern,8,480
509,OS,06-08-2023,10:24 AM,5:48 PM,Chrissie Grute,Gregg,Intern,10,802
788,UI/UX(Figma),24-04-2023,10:02 AM,5:54 PM,Felicity Lownds,Bax,Employee,7,254
957,HTML&CSS,25-10-2022,10:06 AM,5:06 PM,Vevay McFfaden,Moyna,Employee,12,513
311,React JS,30-09-2022,9:09 AM,5:38 PM,Feliks Borlease,Coraline,Intern,16,220
75,Javascript,04-06-2023,9:00 AM,5:12 PM,Sena Reardon,Marylou,Intern,10,534
702,QA,13-12-2023,9:37 AM,5:40 PM,Chelsy Doget,Emalee,Intern,11,56
439,ADF,21-08-2023,9:29 AM,5:35 PM,Carmine Duckerin,Rina,Intern,17,4
83,UI/UX(Figma),09-06-2023,10:14 AM,5:43 PM,Verney Jery,Winona,Intern,3,704
50,OS,05-06-2022,10:52 AM,5:10 PM,Sileas Flintuff,Devora,Intern,1,100
261,Networking,25-11-2023,9:14 AM,5:32 PM,Olivie Pickton,Kyla,Intern,8,570
221,Python,06-11-2022,10:04 AM,5:26 PM,Bernadene Bruneau,Carmelina,Intern,16,103
171,OS,05-05-2022,9:49 AM,5:10 PM,Kala Fishe,Marnia,Intern,2,186
674,Analytics & Reporting,18-02-2024,10:08 AM,5:29 PM,Justino Greste,Maureen,Intern,12,829
921,Web Scraping,23-07-2022,9:27 AM,5:47 PM,Marchelle Hubball,Matias,Intern,15,697
324,Python,01-12-2022,9:45 AM,5:19 PM,Marlee Bonnett,Edi,Intern,2,438
364,Software Components,28-09-2022,9:28 AM,5:09 PM,Karim Sergant,Janet,Employee,6,451
299,Software Components,16-04-2022,10:13 AM,5:18 PM,Wat Stendall,Jessica,Intern,1,332
792,Data Warehouse,14-07-2023,9:43 AM,5:43 PM,Vilma Juszczyk,Sallyanne,Intern,5,394
921,Javascript,26-05-2023,9:52 AM,5:10 PM,Winny Treagust,Cassey,Intern,4,109
607,Typescript,27-05-2023,10:47 AM,5:44 PM,Raeann Mingasson,Karel,Intern,9,355
406,Software Components,27-04-2022,9:23 AM,5:16 PM,Andie Copyn,Vincent,Employee,9,678
890,OS,20-01-2024,9:42 AM,5:55 PM,Olympia Gilligan,Grady,Intern,9,367
260,Git & Version Control,18-07-2022,10:44 AM,5:31 PM,Rickie Laviste,Karel,Employee,14,519
184,SQL,23-01-2023,9:07 AM,5:36 PM,Bax Costall,Carma,Employee,17,429
221,React JS,06-12-2023,10:10 AM,5:35 PM,Roana Van Baaren,Leonie,Intern,14,743
962,Power BI,04-11-2023,9:14 AM,5:37 PM,Ralina Harler,Emalee,Intern,6,34
299,DBT,26-03-2024,10:11 AM,5:07 PM,Salomi Sapena,Paulina,Intern,2,216
613,Data Warehouse,05-03-2024,9:11 AM,5:58 PM,Sansone Kerwin,Haskell,Employee,1,403
306,HTML&CSS,26-02-2023,9:38 AM,5:58 PM,Bron Venediktov,Riley,Intern,9,307
474,OS,20-05-2023,9:35 AM,5:18 PM,Eleanora Dingwall,Des,Intern,5,701
54,Networking,28-09-2022,10:15 AM,5:13 PM,Olga Yeulet,Andeee,Employee,10,9
607,Typescript,23-02-2023,10:53 AM,5:42 PM,Magnum Nannoni,Antone,Intern,11,125
505,Python,09-08-2023,10:50 AM,5:16 PM,Revkah Taaffe,Loren,Intern,16,155
284,Javascript,12-08-2023,10:59 AM,5:14 PM,Chastity Dowsing,Sallyanne,Intern,10,430
899,OS,12-07-2022,10:51 AM,5:54 PM,Thornie Zaniolo,Natalina,Intern,15,185
72,UI/UX(Figma),09-11-2023,10:01 AM,5:06 PM,Ephrayim Coot,Gilligan,Intern,6,136
299,UI/UX(Figma),09-03-2024,10:45 AM,5:18 PM,Verina Saturley,Devora,Employee,17,679
55,Data Warehouse,28-05-2023,10:23 AM,5:09 PM,Barry Headly,Evelin,Intern,3,786
19,Typescript,20-06-2023,10:51 AM,5:31 PM,Dreddy Wilks,Ola,Intern,1,126
650,Git & Version Control,08-01-2023,10:19 AM,5:43 PM,Horacio Alesi,Stanly,Employee,3,367
158,Web Scraping,02-02-2024,9:20 AM,5:13 PM,Shanda Thomassen,Moyna,Intern,13,353
964,Javascript,17-08-2022,10:58 AM,5:26 PM,Donella Toretta,Ola,Intern,16,597
792,SQL,01-04-2023,10:22 AM,5:03 PM,Chaim Olek,Jackqueline,Intern,10,855
487,Data Warehouse,26-11-2022,10:13 AM,5:20 PM,Modesta Blazy,Maureen,Intern,9,566
320,Analytics & Reporting,10-06-2022,10:45 AM,5:58 PM,Thom Merrall,Janet,Intern,1,845
40,Javascript,15-09-2022,10:18 AM,5:11 PM,Sallyanne Kraft,Bartholomeus,Employee,3,614
184,Networking,04-12-2023,9:28 AM,5:48 PM,Nonah Curley,Maurene,Intern,9,243
55,Web Scraping,22-09-2023,9:55 AM,5:22 PM,Rodi Rawcliffe,Devan,Intern,8,310
193,SQL,28-09-2023,10:32 AM,5:23 PM,Alaric Durbin,Leonie,Intern,10,828
788,UI/UX(Figma),29-10-2023,10:03 AM,5:31 PM,Leroi Shute,Bartholomew,Intern,12,710
925,Data Warehouse,09-01-2023,10:36 AM,5:18 PM,Padraic Croisier,Jaime,Intern,15,336
84,Software Components,31-12-2023,9:08 AM,5:40 PM,Rhona Klimas,Grady,Employee,11,83
59,Python,19-12-2023,9:54 AM,5:48 PM,Gram De Bernardis,Maryl,Intern,7,547
969,Software Components,12-05-2023,9:11 AM,5:52 PM,Joyce Borge,Maurene,Employee,16,427
32,UI Path,30-11-2023,10:39 AM,5:53 PM,Shayne Matchell,Janet,Employee,16,283
677,QA,03-06-2023,10:41 AM,5:45 PM,Delphinia Waumsley,Kristo,Employee,7,630
962,UI/UX(Figma),04-10-2022,9:37 AM,5:31 PM,Giustina Dudderidge,Rina,Intern,11,208
380,Power BI,24-11-2023,9:25 AM,5:31 PM,Arnoldo Proud,Fergus,Intern,7,160
925,QA,19-08-2023,10:00 AM,5:33 PM,Gayle Duny,Inna,Intern,5,485
474,QA,22-03-2024,10:24 AM,5:20 PM,Jeremiah Viggers,Elayne,Intern,10,730
40,Power BI,24-04-2022,10:16 AM,5:20 PM,Meryl Provis,Mildrid,Intern,8,448
902,ADF,10-03-2023,10:06 AM,5:32 PM,Franz Canelas,Gustav,Employee,1,100
933,DBT,17-10-2023,10:22 AM,5:55 PM,Rani Sondland,Maryellen,Intern,7,773
285,Cloud Platforms,03-07-2022,9:44 AM,5:50 PM,Sunshine Loveitt,Gilligan,Intern,6,712
200,Power BI,24-09-2023,10:25 AM,5:05 PM,Ailee Cassedy,Marylou,Employee,8,634
32,QA,23-01-2024,9:02 AM,5:11 PM,Obie Hedin,Maryl,Intern,10,805
380,UI/UX(Figma),10-04-2022,10:46 AM,5:02 PM,Theresina Perotti,Vonni,Intern,16,435
873,Power BI,06-09-2023,10:14 AM,5:03 PM,Gunner Robrose,Gertrudis,Employee,7,829
650,UI Path,23-04-2022,10:59 AM,5:22 PM,Rozalie Attwill,Mattias,Intern,6,369
556,Networking,11-05-2023,10:53 AM,5:48 PM,Kira Flowith,Corrina,Intern,17,57
613,UI/UX(Figma),05-08-2022,10:26 AM,5:55 PM,Isadore McKiddin,Paulina,Intern,2,97
933,Networking,23-04-2023,10:18 AM,5:52 PM,Elenore Strutley,Filberto,Intern,14,451
933,UI/UX(Figma),08-12-2023,9:28 AM,5:03 PM,Sterling Cutchey,Andeee,Intern,9,286
155,Data Warehouse,17-02-2023,9:56 AM,5:51 PM,Roda Axon,Steffie,Intern,9,379
898,QA,18-08-2023,10:30 AM,5:39 PM,Filip Largent,Rina,Intern,10,427
509,Git & Version Control,26-06-2023,10:50 AM,5:19 PM,Carroll Durant,Johnette,Intern,11,46
890,Python,08-06-2023,10:24 AM,5:39 PM,Joachim Aleksich,Thorin,Intern,15,632
197,Cloud Platforms,18-10-2023,10:59 AM,5:14 PM,Merrile Khristoforov,Inna,Intern,1,684
909,Analytics & Reporting,08-02-2023,10:12 AM,5:11 PM,Liz Filon,Elisabetta,Intern,7,408
556,Cloud Platforms,12-08-2023,10:05 AM,5:02 PM,Waverley Dunniom,Radcliffe,Intern,17,597
182,SQL,20-01-2024,10:41 AM,5:30 PM,Adoree Ruckman,Johnette,Intern,16,798
424,Javascript,30-06-2023,9:35 AM,5:16 PM,Bjorn Thomassen,Devora,Intern,16,23
662,Git & Version Control,08-11-2022,9:32 AM,5:54 PM,Allyn Franckton,Patricia,Intern,4,157
317,OS,20-03-2024,10:15 AM,5:18 PM,Skipper Huton,Kyla,Intern,6,19
240,OS,07-12-2022,9:37 AM,5:12 PM,Abrahan Galer,Cindie,Intern,17,309
834,Javascript,04-07-2022,9:56 AM,5:36 PM,Liva Iskow,Jobye,Intern,14,143
70,Analytics & Reporting,17-05-2023,10:18 AM,5:35 PM,Alyce Dullard,Maurene,Intern,15,470
39,SQL,28-05-2023,10:10 AM,5:34 PM,Patty Drews,Eugenia,Intern,10,644
240,UI/UX(Figma),28-10-2022,10:41 AM,5:44 PM,Patton Lapere,Haskell,Employee,7,591
359,Data Warehouse,17-02-2023,9:20 AM,5:28 PM,Terrel Kimmings,Pavel,Employee,16,704
860,Typescript,25-06-2023,9:46 AM,5:03 PM,Howie Howton,Radcliffe,Intern,13,524
662,Cloud Platforms,10-02-2023,9:13 AM,5:23 PM,Stanfield Gavaran,Libbey,Intern,3,722
406,Javascript,14-10-2023,10:32 AM,5:04 PM,Marji Oury,Maurene,Employee,9,201
184,Web Scraping,01-06-2022,9:58 AM,5:25 PM,Raquela Carnduff,Jobye,Intern,11,717
158,Web Scraping,30-11-2023,9:57 AM,5:40 PM,Dusty Stacey,Kyla,Employee,3,206
324,UI/UX(Figma),27-07-2023,9:45 AM,5:38 PM,Dory Aird,Gardy,Intern,7,72
424,HTML&CSS,02-04-2023,9:24 AM,5:29 PM,Konrad Tixall,Gretal,Intern,5,218
460,Data Warehouse,08-07-2023,9:03 AM,5:01 PM,Maison Fenelon,Jourdan,Intern,6,28
437,Networking,08-07-2022,10:09 AM,5:04 PM,Jude Coppock.,Jaime,Intern,7,467
652,SQL,30-12-2023,9:25 AM,5:38 PM,Rowe Skully,Ebba,Intern,9,639
55,Cloud Platforms,04-12-2022,9:22 AM,5:23 PM,Spencer Uzelli,Mildrid,Intern,4,174
841,Analytics & Reporting,23-07-2022,9:48 AM,5:23 PM,Estella Jollands,Fletcher,Intern,5,68
79,HTML&CSS,19-07-2022,9:52 AM,5:02 PM,Nels Lewsley,Berky,Intern,8,664
200,Python,20-11-2022,10:12 AM,5:41 PM,Grant De Ruggiero,Sonny,Intern,3,351
364,Power BI,09-08-2022,10:28 AM,5:52 PM,Barth Diglin,Moyna,Intern,11,764
79,DBT,08-02-2024,10:11 AM,5:58 PM,Juanita Kulvear,Tait,Intern,16,445
908,QA,23-06-2023,10:12 AM,5:22 PM,Drucie Mackison,Devora,Employee,15,107
497,Data Warehouse,02-04-2023,9:58 AM,5:47 PM,Dianne Start,Shane,Employee,13,398
890,UI/UX(Figma),21-08-2023,10:05 AM,5:57 PM,Lorine Marishenko,Gilligan,Intern,6,736
285,UI Path,07-09-2022,9:23 AM,5:18 PM,Belvia Joncic,Paulina,Employee,15,858
443,UI/UX(Figma),13-02-2023,9:12 AM,5:46 PM,Gerardo Lintall,Maureen,Intern,15,522
493,Python,17-02-2024,9:45 AM,5:26 PM,Tana Gosden,Moyna,Intern,14,360
479,Web Scraping,01-01-2023,10:03 AM,5:16 PM,Mersey Dillinger,Filberto,Employee,17,399
299,Software Components,04-08-2023,10:39 AM,5:10 PM,Cathee Menis,Jourdan,Intern,9,407
84,React JS,04-09-2022,9:11 AM,5:22 PM,Norine D'Aguanno,Ilaire,Intern,10,144
886,OS,05-03-2024,9:40 AM,5:57 PM,Annabel Mateescu,Paulina,Employee,11,685
184,SQL,16-11-2023,10:39 AM,5:46 PM,Appolonia Faill,Belle,Employee,10,75
982,Power BI,15-02-2024,9:46 AM,5:16 PM,Halette Benoey,Vevay,Intern,12,69
556,Git & Version Control,16-03-2024,10:10 AM,5:03 PM,Bertie Lafond,Sonny,Intern,15,409
638,Cloud Platforms,11-06-2023,9:04 AM,5:52 PM,Ania McLorinan,Cassey,Intern,5,63
333,Data Warehouse,19-10-2022,10:28 AM,5:20 PM,Brooke Pietzker,Sonny,Employee,1,635
320,Python,01-01-2024,10:12 AM,5:25 PM,Abelard Celes,Traci,Intern,3,675
506,Git & Version Control,18-08-2023,10:28 AM,5:04 PM,Christine Uzielli,Bertrando,Intern,14,663
873,DBT,24-05-2022,9:24 AM,5:46 PM,Karlee Wason,Chere,Intern,14,737
626,React JS,26-02-2023,10:08 AM,5:02 PM,Eldin Hurn,Anastassia,Intern,4,549
232,Software Components,14-12-2023,9:09 AM,5:04 PM,Rock Millsom,Elisabetta,Intern,5,86
449,QA,08-12-2022,9:39 AM,5:29 PM,Milena Duley,Mildrid,Intern,6,274
983,Git & Version Control,29-02-2024,10:57 AM,5:53 PM,Elonore Danihelka,Manfred,Intern,12,439
788,Typescript,22-08-2022,9:44 AM,5:10 PM,Ramon Handrick,Moyna,Intern,12,719
556,Power BI,08-02-2024,9:20 AM,5:08 PM,Humfried Radborne,Carmelina,Intern,13,155
908,HTML&CSS,25-03-2023,9:00 AM,5:32 PM,Luce Trinkwon,Bertrando,Intern,5,831
449,Cloud Platforms,21-06-2023,9:36 AM,5:04 PM,Cyrille Hammill,Fergus,Intern,11,104
200,Typescript,10-06-2023,9:39 AM,5:03 PM,Theresa Kopke,Georgy,Intern,5,513
537,Web Scraping,01-03-2024,9:41 AM,5:28 PM,Adrian Rawlinson,Cindie,Employee,12,561
626,Web Scraping,08-01-2023,10:39 AM,5:02 PM,Farley Abbyss,Natalina,Intern,12,757
292,UI/UX(Figma),23-03-2024,9:11 AM,5:33 PM,Julienne McGregor,Sallyanne,Employee,9,131
443,Data Warehouse,18-01-2023,9:35 AM,5:49 PM,Pepita Conahy,Christoforo,Intern,3,362
777,Analytics & Reporting,16-11-2022,9:48 AM,5:08 PM,Warde Caddick,Moss,Employee,13,487
463,Analytics & Reporting,08-04-2023,9:17 AM,5:48 PM,Guglielmo Moodycliffe,Traci,Intern,7,229
982,UI/UX(Figma),04-07-2022,9:32 AM,5:20 PM,Sharon Ferro,Wade,Employee,6,846
605,Networking,10-06-2022,9:58 AM,5:53 PM,Nadeen Smidmoor,Kristo,Employee,17,764
437,SQL,07-02-2024,10:58 AM,5:53 PM,Abbi Lovekin,Gregg,Intern,8,762
176,DBT,19-08-2023,9:19 AM,5:47 PM,Nixie Jackling,Zared,Intern,5,295
162,SQL,29-08-2023,9:26 AM,5:48 PM,Rustie Bushaway,Kermie,Intern,11,722
176,QA,30-05-2023,10:35 AM,5:44 PM,Jobina Braniff,Carmelina,Intern,15,365
333,Power BI,13-11-2023,9:23 AM,5:55 PM,Dagny Franseco,Des,Intern,11,446
533,Software Components,03-10-2023,10:09 AM,5:42 PM,Lelah Wilderspoon,Fidela,Intern,13,363
